dataset_id,version,title,status,path,format,rows,columns,grain,synthetic,generator_path,seed,source_url,licence,checksum,chapters,notebooks,exercises,figures,data_dictionary_path,limitations
nrg-ch01-sample,1.0.0,"Chapter 1 reader sample: Quantities, Units, and Measurement",released,data/generated/ch01_sample.csv,CSV,5,4,One synthetic noodle pack measurement per row,yes,scripts/data/generate_ch01_sample.py,not applicable; fixed values reproduce the chapter example,,See CONTENT_LICENSE.md; permitted with companion code for learning and experimentation,sha256:2a46f9ecc3edacc4525ce6ddb90ca84e9c5cbeed5124d40fd0f2c9fd1eb2b8b2,1,notebooks/part_01_mathematics/ch01_quantities_units_measurement.ipynb,exercises/**/ch01_*.md,fig-01-01;fig-01-02,data/dictionaries/ch01_data_dictionary.csv,Five illustrative synthetic measurements; unsuitable for process-capability or inferential claims
nrg-ch02-sample,1.0.0,"Chapter 2 reader sample: Fractions, Ratios, Rates, and Percentages",released,data/generated/ch02_sample.csv,CSV,5,7,One synthetic Chapter 2 business example per row,yes,scripts/data/generate_ch02_sample.py,not applicable; fixed values reproduce the chapter examples,,See CONTENT_LICENSE.md; permitted with companion code for learning and experimentation,sha256:5e57fb7f47799e0d472f587e0561c67dcb0c7f100dcf64623b74763735e8234e,2,notebooks/part_01_mathematics/ch02_fractions_ratios_rates_percentages.ipynb,exercises/**/ch02_*.md,fig-02-01;fig-02-02,data/dictionaries/ch02_data_dictionary.csv,Five illustrative synthetic examples; unsuitable for operational performance inference
nrg-ch03-sample,1.0.0,Chapter 3 reader sample: Variables and Equations,released,data/generated/ch03_sample.csv,CSV,6,6,One cartons-per-pallet input and its calculated shipment outcome per row,yes,scripts/data/generate_ch03_sample.py,not applicable; deterministic equation inputs,,See CONTENT_LICENSE.md; permitted with companion code for learning and experimentation,sha256:b2d83dea6a4a6e5bcdda74e7d0d89cbf96c51e5e5f7b96ffe0ac3413001acec4,3,notebooks/part_01_mathematics/ch03_variables_equations.ipynb,exercises/**/ch03_*.md,fig-03-01;fig-03-02,data/dictionaries/ch03_data_dictionary.csv,Six deterministic teaching points; not observed production data
nrg-ch04-sample,1.0.0,"Chapter 4 reader sample: Functions, Coordinates, and Graphs",released,data/generated/ch04_sample.csv,CSV,7,8,One shipment quantity with calculated costs for two freight functions per row,yes,scripts/data/generate_ch04_sample.py,not applicable; deterministic function inputs,,See CONTENT_LICENSE.md; permitted with companion code for learning and experimentation,sha256:bf32109bb10a48725a65c3ec4ed63da42d408826fc30e133189613c5e4fbc33e,4,notebooks/part_01_mathematics/ch04_functions_coordinates_graphs.ipynb,exercises/**/ch04_*.md,fig-04-01;fig-04-02,data/dictionaries/ch04_data_dictionary.csv,Seven deterministic teaching points; excludes operational constraints and observed costs
nrg-ch05-sample,1.0.0,"Chapter 5 reader sample: Powers, Roots, Exponentials, and Logarithms",released,data/generated/ch05_sample.csv,CSV,11,8,One planning year with deterministic linear growth compound growth logarithm recovery and inventory retention per row,yes,scripts/data/generate_ch05_sample.py,not applicable; deterministic formulas reproduce the chapter examples,,See CONTENT_LICENSE.md; permitted with companion code for learning and experimentation,sha256:277d245719053e7a569fe80b23bb2d02aeaffd1869a58c1577b270276d422c90,5,notebooks/part_01_mathematics/ch05_powers_roots_exponentials_logarithms.ipynb,exercises/**/ch05_*.md,fig-05-01;fig-05-02,data/dictionaries/ch05_data_dictionary.csv,Simplified deterministic scenarios; not observed demand and unsuitable for forecasting or inventory decisions
nrg-ch06-sample,1.0.0,Chapter 6 reader sample: Summation and Mathematical Notation,released,data/generated/ch06_sample.csv,CSV,17,8,One indexed term in a deterministic summation example per row,yes,scripts/data/generate_ch06_sample.py,not applicable; fixed values reproduce the chapter examples,,See CONTENT_LICENSE.md; permitted with companion code for learning and experimentation,sha256:1517a46c6f0ef6eadaaaed6f4976507011ec6b044454cba7c7b6dd41f33c4be6,6,notebooks/part_01_mathematics/ch06_summation_mathematical_notation.ipynb,exercises/**/ch06_*.md,fig-06-01;fig-06-02,data/dictionaries/ch06_data_dictionary.csv,Four small deterministic examples stored in one normalized table; units depend on example_id and data are unsuitable for operational inference
nrg-ch07-sample,1.0.0,"Chapter 7 reader sample: Vectors, Distance, and Similarity",released,data/generated/ch07_sample.csv,CSV,5,9,One labelled vector component within a deterministic teaching example per row,yes,scripts/data/generate_ch07_sample.py,not applicable; fixed values reproduce the chapter examples,,See CONTENT_LICENSE.md; permitted with companion code for learning and experimentation,sha256:7fbbbb81c1949a5d658f4e1ba5f027c96ffd3f968166041be99c0e75cbcb8ea9,7,,exercises/**/ch07_*.md,fig-07-01;fig-07-02,data/dictionaries/ch07_data_dictionary.csv,Five deterministic component rows; examples use different units and are unsuitable for operational similarity or neighbour decisions
nrg-ch08-sample,1.0.0,Chapter 8 reader sample: Matrices and Systems of Equations,released,data/generated/ch08_sample.csv,CSV,2,11,One resource constraint and verified row dot product per row,yes,scripts/data/generate_ch08_sample.py,not applicable; fixed coefficients and solution reproduce the chapter example,,See CONTENT_LICENSE.md; permitted with companion code for learning and experimentation,sha256:48487f0feb55c2579c6ac7546455b2ec4fa660a37e6e382ffa14e3336a4c68e0,8,notebooks/part_01_mathematics/ch08_matrices_systems_equations.ipynb,exercises/**/ch08_*.md,fig-08-01;fig-08-02,data/dictionaries/ch08_data_dictionary.csv,Two deterministic resource constraints; assumes continuous feasible batches and full resource use and is unsuitable for production planning
nrg-ch09-sample,1.0.0,"Chapter 9 reader sample: Change, Slopes, and Derivatives",released,data/generated/ch09_sample.csv,CSV,21,9,One input point with exact numerical tangent and secant values per row,yes,scripts/data/generate_ch09_sample.py,not applicable; deterministic formulas reproduce the square-function examples,,See CONTENT_LICENSE.md; permitted with companion code for learning and experimentation,sha256:32218a450a593ba3b812c7c4eb4e13cdd164b7aa88cad8f6aefa062bda00baf4,9,notebooks/part_01_mathematics/ch09_change_slopes_derivatives.ipynb,exercises/**/ch09_*.md,fig-09-01;fig-09-02,data/dictionaries/ch09_data_dictionary.csv,Deterministic smooth-function grid; finite-difference behaviour does not represent noisy or irregular operational measurements
nrg-ch10-sample,1.0.0,Chapter 10 reader sample: Accumulation and Integration,released,data/generated/ch10_sample.csv,CSV,12,13,One half-hour net-flow interval with endpoint rates and accumulated estimates per row,yes,scripts/data/generate_ch10_sample.py,not applicable; deterministic formulas reproduce the chapter inventory-flow example,,See CONTENT_LICENSE.md; permitted with companion code for learning and experimentation,sha256:2e49123bc1811da4f8786678c87c5199684ed94d61543ff533173e5e934c228b,10,notebooks/part_01_mathematics/ch10_accumulation_integration.ipynb,exercises/**/ch10_*.md,fig-10-01;fig-10-02,data/dictionaries/ch10_data_dictionary.csv,Deterministic linear rate sampled every half hour; trapezoidal exactness here does not generalise to curved noisy or irregular operational measurements
nrg-ch11-sample,1.0.0,Chapter 11 reader sample: Optimisation from Trial and Error to Gradients,released,data/generated/ch11_sample.csv,CSV,105,10,One recorded gradient-descent state for a scenario learning rate and iteration per row,yes,scripts/data/generate_ch11_sample.py,not applicable; deterministic formulas and fixed initial values reproduce all paths,,See CONTENT_LICENSE.md; permitted with companion code for learning and experimentation,sha256:790f7d8a9dd58adab4305fb6047ba912731a77c7811fb0617edbc3ac872f181c,11,notebooks/part_01_mathematics/ch11_optimisation_gradients.ipynb,exercises/**/ch11_*.md,fig-11-01;fig-11-02,data/dictionaries/ch11_data_dictionary.csv,Idealised convex quadratic objectives with exact gradients; does not represent stochastic gradients noisy measurements constraints or non-convex loss surfaces
nrg-ch12-sample,1.0.0,"Chapter 12 reader sample: Probability, Conditional Probability, and Bayes' Theorem",released,data/generated/ch12_sample.csv,CSV,4,10,One quality-status and camera-signal contingency-table cell per row,yes,scripts/data/generate_ch12_sample.py,not applicable; deterministic natural frequencies reproduce the 1000-carton chapter example,,See CONTENT_LICENSE.md; permitted with companion code for learning and experimentation,sha256:18fd330506545b3aa9a23dc1bae330d723cc832e336bc5b857b95a291460d0ab,12,notebooks/part_01_mathematics/ch12_probability_conditional_bayes.ipynb,exercises/**/ch12_*.md,fig-12-01;fig-12-02,data/dictionaries/ch12_data_dictionary.csv,Illustrative fixed natural frequencies based on assumed prevalence sensitivity and false-positive rate; not an empirical camera-performance estimate
nrg-ch13-sample,1.0.0,"Chapter 13 reader sample: Observations, Variables, Populations, and Samples",released,data/generated/ch13_sample.csv,CSV,400,7,One synthetic company-operated Indonesian retail store per row,yes,scripts/data/generate_ch13_sample.py,1313,,See CONTENT_LICENSE.md; permitted with companion code for learning and experimentation,sha256:fa224f1678b27653763203a395566fabe7ff557ba843ee46c95e07cb2f4dbdb6,13,notebooks/part_02_statistics/ch13_observations_variables_populations_samples.ipynb,exercises/**/ch13_*.md,fig-13-01;fig-13-02,data/dictionaries/ch13_data_dictionary.csv,Synthetic cross-sectional teaching population; sales relationships and the 16-store frame omission are illustrative rather than empirical
nrg-ch14-sample,1.0.0,"Chapter 14 reader sample: Data Types, Collection, Sampling, and Measurement Error",released,data/generated/ch14_sample.csv,CSV,40,10,One paired calibration reading with reference and two observed scale values per row,yes,scripts/data/generate_ch14_sample.py,1414,,See CONTENT_LICENSE.md; permitted with companion code for learning and experimentation,sha256:898fc9b5660478ecd09aae30c3c28b9b451e627a25bf559c25c9a7f418ed1405,14,notebooks/part_02_statistics/ch14_data_types_collection_sampling_measurement_error.ipynb,exercises/**/ch14_*.md,fig-14-01;fig-14-02,data/dictionaries/ch14_data_dictionary.csv,Synthetic calibration readings with Gaussian noise and a fixed imposed offset; not a performance claim for any real scale
nrg-ch15-sample,1.0.0,"Chapter 15 reader sample: Tables, Charts, and Distributions",released,data/generated/ch15_sample.csv,CSV,120,8,One synthetic customer order during April 2026 per row,yes,scripts/data/generate_ch15_sample.py,1515,,See CONTENT_LICENSE.md; permitted with companion code for learning and experimentation,sha256:04490159bc455c05ffe4ce821e97e8a6a249aecfb27890a61bff1d0d6c99115e,15,notebooks/part_02_statistics/ch15_tables_charts_distributions.ipynb,exercises/**/ch15_*.md,fig-15-01;fig-15-02,data/dictionaries/ch15_data_dictionary.csv,Synthetic order mix and delivery times for chart-selection instruction; not evidence about actual NRG operations
nrg-ch16-sample,1.0.0,"Chapter 16 reader sample: Centres, Quantiles, and Spread",released,data/generated/ch16_sample.csv,CSV,80,6,One synthetic Indonesian domestic shipment per row,yes,scripts/data/generate_ch16_sample.py,1616,,See CONTENT_LICENSE.md; permitted with companion code for learning and experimentation,sha256:150299e37b9aaa2d9b5696a66b5d494d7924b06b9430b8f5ad4cc3e4fe0b76da,16,notebooks/part_02_statistics/ch16_centres_quantiles_spread.ipynb,exercises/**/ch16_*.md,fig-16-01;fig-16-02,data/dictionaries/ch16_data_dictionary.csv,Synthetic right-skewed delivery times with three deliberate slow-tail cases; not actual operational performance
nrg-ch17-sample,1.0.0,"Chapter 17 reader sample: Shape, Skewness, and Outliers",released,data/generated/ch17_sample.csv,CSV,180,5,One synthetic delivery-time observation within one controlled shape scenario per row,yes,scripts/data/generate_ch17_sample.py,1717,,See CONTENT_LICENSE.md; permitted with companion code for learning and experimentation,sha256:df851c4ff56a842a760c688c47e44adaab402d5d0cbbfc7198df3532363358ca,17,notebooks/part_02_statistics/ch17_shape_skewness_outliers.ipynb,exercises/**/ch17_*.md,fig-17-01;fig-17-02,data/dictionaries/ch17_data_dictionary.csv,Synthetic controlled distributions for shape and screening instruction; the verified disruption is illustrative and not actual NRG performance
nrg-ch18-sample,1.0.0,Chapter 18 reader sample: Probability Distributions,released,data/generated/ch18_sample.csv,CSV,85,8,One evaluated support point for one parameterized teaching distribution per row,yes,scripts/data/generate_ch18_sample.py,deterministic-formula,,See CONTENT_LICENSE.md; permitted with companion code for learning and experimentation,sha256:9afe197670836a229c18428d69d3ae4e2b22a73a718d97de41ae8513cf50bac4,18,notebooks/part_02_statistics/ch18_probability_distributions.ipynb,exercises/**/ch18_*.md,fig-18-01;fig-18-02,data/dictionaries/ch18_data_dictionary.csv,Formula-generated PMF PDF and CDF values rounded to eight decimals; finite Poisson table stops at x=12 and is not a complete infinite support
nrg-ch19-sample,1.0.0,Chapter 19 reader sample: Sampling Distributions and the Central Limit Theorem,released,data/generated/ch19_sample.csv,CSV,3000,7,One repeated-sampling replicate and its sample mean per row,yes,scripts/data/generate_ch19_sample.py,1919,,See CONTENT_LICENSE.md; permitted with companion code for learning and experimentation,sha256:6988f4e520df86ee0c25f2425c6f94bef6c98399fd642bbb26c9eddbb5b5ac27,19,notebooks/part_02_statistics/ch19_sampling_distributions_clt.ipynb,exercises/**/ch19_*.md,fig-19-01;fig-19-02,data/dictionaries/ch19_data_dictionary.csv,Synthetic lognormal population and independent sampling with replacement; demonstrates repeated-sampling behavior rather than actual store demand
nrg-ch20-sample,1.0.0,Chapter 20 reader sample: Confidence Intervals,released,data/generated/ch20_sample.csv,CSV,200,9,One simulated 95 percent confidence interval for a mean per row,yes,scripts/data/generate_ch20_sample.py,2020,,See CONTENT_LICENSE.md; permitted with companion code for learning and experimentation,sha256:2bebf4b8baa5b074c697802ea9d9204d15ca36468a62669c98e7355830d11773,20,notebooks/part_02_statistics/ch20_confidence_intervals.ipynb,exercises/**/ch20_*.md,fig-20-01;fig-20-02,data/dictionaries/ch20_data_dictionary.csv,Synthetic normal sampling distribution with known population SD; z intervals illustrate repeated-sampling coverage and are not estimates of actual NRG demand
nrg-ch21-sample,1.0.0,Chapter 21 reader sample: Hypothesis Tests without Mechanical Thinking,released,data/generated/ch21_sample.csv,CSV,8000,9,One null-model simulation within one effect-and-precision scenario per row,yes,scripts/data/generate_ch21_sample.py,2121,,See CONTENT_LICENSE.md; permitted with companion code for learning and experimentation,sha256:9e3a726a80c93dde56b8d308d94741f8bb19af9434602b46bf5c8e3a9cd8f15a,21,notebooks/part_02_statistics/ch21_hypothesis_tests_without_mechanical_thinking.ipynb,exercises/**/ch21_*.md,fig-21-01;fig-21-02,data/dictionaries/ch21_data_dictionary.csv,Synthetic Gaussian null models and a pre-declared two-unit practical threshold; designed to separate evidence from importance rather than prescribe a universal decision rule
nrg-ch22-sample,1.0.0,"Chapter 22 reader sample: Effect Size, Power, and Practical Importance",released,data/generated/ch22_sample.csv,CSV,100,10,One two-group power-planning combination of effect size and sample size per row,yes,scripts/data/generate_ch22_sample.py,deterministic-formula,,See CONTENT_LICENSE.md; permitted with companion code for learning and experimentation,bef6578bc7b94ed8a0810453aec59328c5967e030d8c66931789de890fcd8050,22,notebooks/part_02_statistics/ch22_effect_size_power_practical_importance.ipynb,exercises/**/ch22_*.md,fig-22-01;fig-22-02,data/dictionaries/ch22_data_dictionary.csv,Normal approximation for equal independent groups with known common SD; planning illustration rather than post-hoc observed power or actual NRG performance
nrg-ch23-sample,1.0.0,"Chapter 23 reader sample: Correlation, Association, and Regression",released,data/generated/ch23_sample.csv,CSV,91,7,One synthetic route observation and diagnostic scenario per row,yes,scripts/data/generate_ch23_sample.py,deterministic-formula,,See CONTENT_LICENSE.md; permitted with companion code for learning and experimentation,e726f1076ffaecdf5a37b2caed57047f017010a87a4b447f338d59c5735bc5cc,23,notebooks/part_02_statistics/ch23_correlation_association_regression.ipynb,exercises/**/ch23_*.md,fig-23-01;fig-23-02,data/dictionaries/ch23_data_dictionary.csv,Synthetic patterns isolate linear association curvature unequal spread and high leverage; they are not actual NRG performance
nrg-ch24-sample,1.0.0,"Chapter 24 reader sample: Categorical Data, ANOVA, and Non-parametric Methods",released,data/generated/ch24_sample.csv,CSV,90,6,One synthetic shipment per row,yes,scripts/data/generate_ch24_sample.py,deterministic-formula,,See CONTENT_LICENSE.md; permitted with companion code for learning and experimentation,a7bd44cf04512b019f9b93a242e566af7de7f5e14139b234b119114844e4bac0,24,,exercises/**/ch24_*.md,fig-24-01;fig-24-02,data/dictionaries/ch24_data_dictionary.csv,Balanced educational example with constructed shift means; not actual NRG performance and not evidence of a causal shift effect
nrg-ch25-sample,1.0.0,Chapter 25 reader sample: Experimental Design and A/B Testing,released,data/generated/ch25_sample.csv,CSV,4000,9,One synthetic distributor account and randomized unit per row,yes,scripts/data/generate_ch25_sample.py,deterministic-formula,,See CONTENT_LICENSE.md; permitted with companion code for learning and experimentation,eb505e65b39516009b76db3e231516ded0b2fc476119830afd73e24cf35d5c9c,25,notebooks/part_02_statistics/ch25_experimental_design_ab_testing.ipynb,exercises/**/ch25_*.md,fig-25-01;fig-25-02,data/dictionaries/ch25_data_dictionary.csv,Constructed blocked experiment reproduces the worked totals and illustrative guardrails; not actual NRG performance
nrg-ch26-sample,1.0.0,"Chapter 26 reader sample: Missing Data, Bias, Confounding, and Leakage",released,data/generated/ch26_sample.csv,CSV,200,10,One synthetic shipment per row,yes,scripts/data/generate_ch26_sample.py,deterministic-formula,,See CONTENT_LICENSE.md; permitted with companion code for learning and experimentation,2337a8a9a868a6fa90c636b4f8d4287abf0986f849d161bd0963efc66793e9af,26,notebooks/part_02_statistics/ch26_missing_data_bias_confounding_leakage.ipynb,exercises/**/ch26_*.md,fig-26-01;fig-26-02,data/dictionaries/ch26_data_dictionary.csv,Constructed missingness and timing example; post-delivery fields are intentionally included to teach leakage and must not be used at dispatch
nrg-ch27-sample,1.0.0,Chapter 27 reader sample: From Statistical Reasoning to Machine Learning,released,data/generated/ch27_sample.csv,CSV,16,9,One training or test observation per row,yes,scripts/data/generate_ch27_sample.py,deterministic-formula,,See CONTENT_LICENSE.md; permitted with companion code for learning and experimentation,2e284c1da9ad1b88d263819498714e2ebc9c23193afab5edc0f469911d6d3b85,27,notebooks/part_03_data_science/ch27_from_statistical_reasoning_to_machine_learning.ipynb,exercises/**/ch27_*.md,fig-27-01;fig-27-02,data/dictionaries/ch27_data_dictionary.csv,Small constructed examples illustrate workflow and metrics rather than production model performance
nrg-ch28-sample,1.0.0,"Chapter 28 reader sample: Explanation, Inference, Prediction, and Decisions",released,data/generated/ch28_sample.csv,CSV,20,10,One synthetic open shipment and dispatch-time decision per row,yes,scripts/data/generate_ch28_sample.py,deterministic-formula,,See CONTENT_LICENSE.md; permitted with companion code for learning and experimentation,sha256:bdd97962cc1b721b7f27d2077e0918838bd929d4881f15be5b8c4e52f30de503,28,notebooks/part_03_data_science/ch28_explanation_inference_prediction_decisions.ipynb,exercises/**/ch28_*.md,fig-28-01;fig-28-02,data/dictionaries/ch28_data_dictionary.csv,Constructed calibrated-risk and cost example; loss units and perfect intervention effectiveness are simplifying assumptions
nrg-ch29-sample,1.0.0,Chapter 29 reader sample: Defining a Useful Analytical Problem,released,data/generated/ch29_sample.csv,CSV,27,9,One synthetic analytical-feasibility scenario per row,yes,scripts/data/generate_ch29_sample.py,deterministic-formula,,See CONTENT_LICENSE.md; permitted with companion code for learning and experimentation,sha256:a25264be72a2546539fe9032a4c877341a2298518347697d171055355abb7c3f,29,notebooks/part_03_data_science/ch29_defining_useful_analytical_problem.ipynb,exercises/**/ch29_*.md,fig-29-01;fig-29-02,data/dictionaries/ch29_data_dictionary.csv,Screening scenarios estimate an upper bound before operating costs and are not forecasts of realized value
nrg-ch30-sample,1.0.0,"Chapter 30 reader sample: Provenance, Acquisition, and Data Quality",released,data/generated/ch30_sample.csv,CSV,8,11,One synthetic data-quality check and scoped result per row,yes,scripts/data/generate_ch30_sample.py,deterministic-formula,,See CONTENT_LICENSE.md; permitted with companion code for learning and experimentation,sha256:8207cd2b516b005e85ed68f37ee1b87179ee7b24559b3f74de87c0b794ee074f,30,notebooks/part_03_data_science/ch30_provenance_acquisition_data_quality.ipynb,exercises/**/ch30_*.md,fig-30-01;fig-30-02,data/dictionaries/ch30_data_dictionary.csv,Compact quality register reproduces the manuscript review; counts are educational and not actual NRG operational data
nrg-ch31-sample,1.0.0,"Chapter 31 reader sample: Cleaning, Transformation, and Reproducible Pipelines",released,data/generated/ch31_sample.csv,CSV,8,7,One deterministic pipeline stage and its transformation-ledger result per row,yes,scripts/data/generate_ch31_sample.py,deterministic-formula,,See CONTENT_LICENSE.md; permitted with companion code for learning and experimentation,sha256:0a4c8114803b149415e73fe30460469c764b5218ba2379895f41959176ee549d,31,notebooks/part_03_data_science/ch31_cleaning_transformation_reproducible_pipelines.ipynb,exercises/**/ch31_*.md,fig-31-01;fig-31-02,data/dictionaries/ch31_data_dictionary.csv,Educational ledger reproduces manuscript counts; affected_values mixes parsed values and affected rows as documented per stage
nrg-ch32-sample,1.0.0,Chapter 32 reader sample: Feature Engineering,released,data/generated/ch32_sample.csv,CSV,16,10,One synthetic product-warehouse forecast week per row,yes,scripts/data/generate_ch32_sample.py,deterministic-formula,,See CONTENT_LICENSE.md; permitted with companion code for learning and experimentation,sha256:e28ab25d437ba49b314cd8b1053ed62a50828669c8ed67eec34e75276cd7a87c,32,notebooks/part_03_data_science/ch32_feature_engineering.ipynb,exercises/**/ch32_*.md,fig-32-01;fig-32-02,data/dictionaries/ch32_data_dictionary.csv,Small constructed weekly series demonstrates feature timing and missing history; not production demand
nrg-ch33-sample,1.0.0,"Chapter 33 reader sample: Training, Validation, Testing, and Cross-validation",released,data/generated/ch33_sample.csv,CSV,5,13,One chronological validation or final-test window per row,yes,scripts/data/generate_ch33_sample.py,not applicable; fixed values reproduce the evaluation protocol,,See CONTENT_LICENSE.md; permitted with companion code for learning and experimentation,sha256:8ecc055e72f05f815ec57a423d8fd5742fc84612d66c7c7b557e6a7c7f797b57,33,notebooks/part_03_data_science/ch33_training_validation_testing_cross_validation.ipynb,exercises/**/ch33_*.md,fig-33-01;fig-33-02,data/dictionaries/ch33_data_dictionary.csv,Synthetic protocol ledger; metrics illustrate evaluation design and are not production performance claims
nrg-ch34-sample,1.0.0,"Chapter 34 reader sample: Underfitting, Overfitting, Bias, and Variance",released,data/generated/ch34_sample.csv,CSV,16,8,One evaluated model complexity or training-set size per row,yes,scripts/data/generate_ch34_sample.py,not applicable; fixed values reproduce chapter examples,,See CONTENT_LICENSE.md; permitted with companion code for learning and experimentation,sha256:a59daf61c328b850f1ed3e63c9524ca9c6ba5fbce44761402a9015cfe6726760,34,notebooks/part_03_data_science/ch34_underfitting_overfitting_bias_variance.ipynb,exercises/**/ch34_*.md,fig-34-01;fig-34-02,data/dictionaries/ch34_data_dictionary.csv,Synthetic diagnostic curves; illustrative losses do not estimate production demand accuracy
nrg-ch35-sample,1.0.0,"Chapter 35 reader sample: Baselines, Metrics, Imbalance, and Error Costs",released,data/generated/ch35_sample.csv,CSV,7,15,One baseline or candidate alert threshold per row,yes,scripts/data/generate_ch35_sample.py,not applicable; fixed confusion counts reproduce chapter examples,,See CONTENT_LICENSE.md; permitted with companion code for learning and experimentation,sha256:35b5fbe4d6ef76d85c5ebf177416322bbf690d46e3baed338b7917845171f3f2,35,notebooks/part_03_data_science/ch35_baselines_metrics_imbalance_error_costs.ipynb,exercises/**/ch35_*.md,fig-35-01;fig-35-02,data/dictionaries/ch35_data_dictionary.csv,Synthetic threshold analysis for 1000 shipments at 8 percent prevalence; illustrative IDR costs require local validation
nrg-ch36-sample,1.0.0,Chapter 36 reader sample: Linear and Logistic Regression for Prediction,released,data/generated/ch36_sample.csv,CSV,10,10,One synthetic shipment prediction per row,yes,scripts/data/generate_ch36_sample.py,not applicable; fixed scenarios reproduce chapter equations,,See CONTENT_LICENSE.md; permitted with companion code for learning and experimentation,sha256:2a8d3051775bf05aed6c162070ba9ab15a3f483875f37b9798cf545855336d2e,36,notebooks/part_03_data_science/ch36_linear_logistic_regression_prediction.ipynb,exercises/**/ch36_*.md,fig-36-01;fig-36-02,data/dictionaries/ch36_data_dictionary.csv,Synthetic model outputs for equation practice; not fitted estimates or production performance
nrg-ch37-sample,1.0.0,"Chapter 37 reader sample: Trees, Random Forests, and Gradient Boosting",released,data/generated/ch37_sample.csv,CSV,5,9,One validated prediction approach per row,yes,scripts/data/generate_ch37_sample.py,not applicable; fixed comparison values,,See CONTENT_LICENSE.md; permitted with companion code for learning and experimentation,sha256:7290538be0dc1b00b8875922d72338a87460a9f8c374b08d8f1b8d03c431acf6,37,notebooks/part_03_data_science/ch37_trees_random_forests_gradient_boosting.ipynb,exercises/**/ch37_*.md,fig-37-01;fig-37-02,data/dictionaries/ch37_data_dictionary.csv,Synthetic chronological-validation summary; illustrative costs and latency are not production benchmarks
nrg-ch38-sample,1.0.0,"Chapter 38 reader sample: Support Vector Machines, Nearest Neighbours, and Kernel Methods",released,data/generated/ch38_sample.csv,CSV,48,11,One synthetic shipment point in scaled two-feature geometry per row,yes,scripts/data/generate_ch38_sample.py,not applicable; deterministic trigonometric construction,,See CONTENT_LICENSE.md; permitted with companion code for learning and experimentation,sha256:c0be3928cc92b7b57ad1521d2c84693332de97716a53110beae484a3c037b9ca,38,notebooks/part_03_data_science/ch38_support_vector_nearest_neighbours_kernels.ipynb,exercises/**/ch38_*.md,fig-38-01;fig-38-02,data/dictionaries/ch38_data_dictionary.csv,Synthetic concentric geometry for instruction; not a fitted production sample or performance benchmark
nrg-ch39-sample,1.0.0,Chapter 39 reader sample: Clustering and Segmentation,released,data/generated/ch39_sample.csv,CSV,120,11,One synthetic active distributor summarised over a mature twelve-month window per row,yes,scripts/data/generate_ch39_sample.py,not applicable; deterministic trigonometric construction,,See CONTENT_LICENSE.md; permitted with companion code for learning and experimentation,sha256:eabcd8ea533268ed9225f4f96848a1bde1e0f9e97e4220725f26cc0f937370d6,39,notebooks/part_03_data_science/ch39_clustering_segmentation.ipynb,exercises/**/ch39_*.md,fig-39-01;fig-39-02,data/dictionaries/ch39_data_dictionary.csv,Synthetic compact clusters for teaching; profiles and diagnostic values do not establish production segments or business value
nrg-ch40-sample,1.0.0,Chapter 40 reader sample: Dimensionality Reduction and Representation,released,data/generated/ch40_sample.csv,CSV,240,12,One synthetic product with six mature-window portfolio measurements and training-bounded PCA outputs per row,yes,scripts/data/generate_ch40_sample.py,not applicable; deterministic trigonometric construction,,See CONTENT_LICENSE.md; permitted with companion code for learning and experimentation,sha256:a82de68e83def8b5e4f9f6f732d373896f8010f2a6ae2670fb7781f5e1d7d178,40,notebooks/part_03_data_science/ch40_dimensionality_reduction_representation.ipynb,exercises/**/ch40_*.md,fig-40-01;fig-40-02,data/dictionaries/ch40_data_dictionary.csv,Synthetic teaching data; component signs are arbitrary and the two-component view must not be treated as proof of natural segments or predictive sufficiency
nrg-ch41-sample,1.0.0,Chapter 41 reader sample: Anomaly Detection,released,data/generated/ch41_sample.csv,CSV,400,14,One synthetic sauce batch per row comprising 300 past reference batches and 100 later monitoring batches,yes,scripts/data/generate_ch41_sample.py,4101,,See CONTENT_LICENSE.md; permitted with companion code for learning and experimentation,sha256:91a4ee64b9cc70bc67944339e639afe18346031ff2bce62e398705f634b3378e,41,notebooks/part_03_data_science/ch41_anomaly_detection.ipynb,exercises/**/ch41_*.md,fig-41-01;fig-41-02,data/dictionaries/ch41_data_dictionary.csv,Synthetic evaluation outcomes include one point one contextual and one three-batch collective episode; scores rank investigation evidence and are not defect probabilities
nrg-ch42-sample,1.0.0,Chapter 42 reader sample: Time-Series Analysis and Forecasting,released,data/generated/ch42_sample.csv,CSV,156,16,One synthetic weekly product-region demand observation with released components and final holdout forecast vintage per row,yes,scripts/data/generate_ch42_sample.py,42,,See CONTENT_LICENSE.md; permitted with companion code for learning and experimentation,sha256:b03fcdbfedefb2be399eb053bfae71e7b54c3a21f890b74e4e8d2f49e16cdcc5,42,notebooks/part_03_data_science/ch42_time_series_forecasting.ipynb,exercises/**/ch42_*.md,fig-42-01;fig-42-02,data/dictionaries/ch42_data_dictionary.csv,Synthetic three-year weekly series; holdout forecasts use only the first 130 weeks and illustrative intervals depend on stable seasonal-error assumptions
nrg-ch43-sample,1.0.0,Chapter 43 reader sample: Recommendation and Ranking,released,data/generated/ch43_sample.csv,CSV,960,16,One synthetic distributor-product candidate per row for 80 distributors and 12 catalogue items,yes,scripts/data/generate_ch43_sample.py,43,,See CONTENT_LICENSE.md; permitted with companion code for learning and experimentation,sha256:db337a0890793f99951276461ecc2808874a586d766f4fca147bedf945a2e3ed,43,notebooks/part_03_data_science/ch43_recommendation_ranking.ipynb,exercises/**/ch43_*.md,fig-43-01;fig-43-02,data/dictionaries/ch43_data_dictionary.csv,Synthetic sparse implicit interactions with 72 chronological holdouts; non-interaction is not a dislike; one distributor returns four eligible recommendations rather than filling with an ineligible item
nrg-ch44-sample,1.0.0,Chapter 44 reader sample: Text Data and Introductory Natural Language Processing,released,data/generated/ch44_sample.csv,CSV,320,13,One synthetic multilingual distributor message per row across 160 two-message conversations,yes,scripts/data/generate_ch44_sample.py,44,,See CONTENT_LICENSE.md; permitted with companion code for learning and experimentation,sha256:6d050de803243afb6ab6ca517fee90deac1b41ecd40edcf28093203b034fcb98,44,notebooks/part_03_data_science/ch44_text_nlp.ipynb,exercises/**/ch44_*.md,fig-44-01;fig-44-02,data/dictionaries/ch44_data_dictionary.csv,Synthetic Indonesian and English messages; chronological conversation-level split; TF-IDF fitted only on 256 training rows; illustrative probabilities are uncalibrated
nrg-ch45-sample,1.0.0,Chapter 45 reader sample: Survival and Time-to-Event Analysis,released,data/generated/ch45_sample.csv,CSV,240,12,One synthetic distributor follow-up record per row with explicit entry event and censoring fields,yes,scripts/data/generate_ch45_sample.py,45,,See CONTENT_LICENSE.md; permitted with companion code for learning and experimentation,sha256:69bf3cec43fa4e74f2e5fea39f20bd8450ab5a435d14dd8bcbad20e8e9781c36,45,notebooks/part_03_data_science/ch45_survival_time_to_event.ipynb,exercises/**/ch45_*.md,fig-45-01;fig-45-02,data/dictionaries/ch45_data_dictionary.csv,Synthetic observational comparison with 136 churns and 104 administrative right-censored records; group differences are not causal effects
nrg-ch46-sample,1.0.0,Chapter 46 reader sample: Introductory Causal Inference,released,data/generated/ch46_sample.csv,CSV,600,13,One synthetic eligible Indonesian distributor per row with baseline assignment weighting and outcome fields,yes,scripts/data/generate_ch46_sample.py,46,,See CONTENT_LICENSE.md; permitted with companion code for learning and experimentation,sha256:dab569d109d5c5e3764c5e9dcd5b65719f381fefddc86e5763438565f2867634,46,notebooks/part_03_data_science/ch46_introductory_causal_inference.ipynb,exercises/**/ch46_*.md,fig-46-01;fig-46-02,data/dictionaries/ch46_data_dictionary.csv,Synthetic benchmark with both potential outcomes exposed for teaching only; real studies observe one outcome per unit; measured balance does not rule out unmeasured confounding
nrg-ch47-sample,1.0.0,"Chapter 47 reader sample: Calibration, Comparison, and Explainable AI",released,data/generated/ch47_sample.csv,CSV,1200,15,One synthetic shipment prediction per chronological row with isolated model-fitting recalibration and final-test partitions,yes,scripts/data/generate_ch47_sample.py,47,,See CONTENT_LICENSE.md; permitted with companion code for learning and experimentation,sha256:baf49fdafb9f8bd0759b30b61823b908a80fdbf7f49ad5131fdfb733485ad80b,47,notebooks/part_03_data_science/ch47_calibration_comparison_explainable_ai.ipynb,exercises/**/ch47_*.md,fig-47-01;fig-47-02,data/dictionaries/ch47_data_dictionary.csv,Synthetic stable-process example; raw probabilities are deliberately overconfident; recalibration and importance remain population model and metric specific and do not establish causality or fairness
nrg-ch48-sample,1.0.0,"Chapter 48 reader sample: Deployment, Drift, Monitoring, and Retraining",released,data/generated/ch48_sample.csv,CSV,12,18,One synthetic weekly production cohort per row linking release service data drift delayed-label incident and response measures,yes,scripts/data/generate_ch48_sample.py,48,,See CONTENT_LICENSE.md; permitted with companion code for learning and experimentation,sha256:d532f16047fcfd58d6a0315980be884b92e6c7df34cd844650aa731496345f25,48,notebooks/part_03_data_science/ch48_deployment_drift_monitoring_retraining.ipynb,exercises/**/ch48_*.md,fig-48-01;fig-48-02,data/dictionaries/ch48_data_dictionary.csv,Synthetic aggregate ledger with illustrative thresholds; PSI alarms require diagnosis; recent cohort outcomes are deliberately incomplete and Brier scores are withheld below 80 percent label coverage
nrg-ch49-sample,1.0.0,Chapter 49 reader sample: When Deep Learning Earns Its Cost,released,data/generated/ch49_sample.csv,CSV,8,23,One synthetic package-inspection proposal per row with incremental quality lifecycle economics four readiness gates and a governed recommendation,yes,scripts/data/generate_ch49_sample.py,49,,See CONTENT_LICENSE.md; permitted with companion code for learning and experimentation,sha256:764e64219046a987988f3fc20b147a53d0d472dd152e277fab5dcd32c0ece08a,49,notebooks/part_04_deep_learning/ch49_when_deep_learning_earns_cost.ipynb,exercises/**/ch49_*.md,fig-49-01;fig-49-02,data/dictionaries/ch49_data_dictionary.csv,Synthetic point estimates omit uncertainty capacity effects and reuse benefits; value per correction and lifecycle costs are illustrative; a pilot still requires locked-test subgroup latency security and rights evidence
nrg-ch50-sample,1.0.0,Chapter 50 reader sample: From a Linear Model to an Artificial Neuron,released,data/generated/ch50_sample.csv,CSV,240,13,One synthetic package per row with standardized sensor inputs label fitted neuron outputs loss gradient signal boundary distance and threshold decision,yes,scripts/data/generate_ch50_sample.py,50,,See CONTENT_LICENSE.md; permitted with companion code for learning and experimentation,sha256:4beddacd7840d1cde2b7865013d4a866a5211be956593bc6bc5ace1ae75e1d71,50,notebooks/part_04_deep_learning/ch50_linear_model_artificial_neuron.ipynb,exercises/**/ch50_*.md,fig-50-01;fig-50-02,data/dictionaries/ch50_data_dictionary.csv,Synthetic training data only; falling training loss and in-sample accuracy do not estimate generalization calibration operational value or causal effects; standardization is illustrative and production transforms must be learned on training data only
nrg-ch51-sample,1.0.0,"Chapter 51 reader sample: Layers, Activations, Losses, and Forward Propagation",released,data/generated/ch51_sample.csv,CSV,32,28,One synthetic package per row with four standardized inputs a complete six-unit hidden trace three output logits softmax probabilities predicted class and cross-entropy contribution,yes,scripts/data/generate_ch51_sample.py,51,,See CONTENT_LICENSE.md; permitted with companion code for learning and experimentation,sha256:d57b935df83017d16526e6c0e53f4f925fc4ae549a4be6d24b55334ce245f59a,51,notebooks/part_04_deep_learning/ch51_layers_activations_losses_forward_propagation.ipynb,exercises/**/ch51_*.md,fig-51-01;fig-51-02,data/dictionaries/ch51_data_dictionary.csv,Synthetic fixed-parameter forward-pass trace only; in-sample accuracy is illustrative and not evidence of training quality generalization calibration operational value or causal meaning for hidden units
nrg-ch52-sample,1.0.0,"Chapter 52 reader sample: Gradients, Backpropagation, and Optimisation",released,data/generated/ch52_sample.csv,CSV,2400,14,One full-batch XOR training epoch per row across three learning-rate runs with loss gradient norm numerical gradient check and final probabilities,yes,scripts/data/generate_ch52_sample.py,2,,See CONTENT_LICENSE.md; permitted with companion code for learning and experimentation,sha256:8c61bb6d3f6a69b66d6ee5858bbf1d5e554eece2ea1e0334247fa25cdaf75580,52,notebooks/part_04_deep_learning/ch52_gradients_backpropagation_optimisation.ipynb,exercises/**/ch52_*.md,fig-52-01;fig-52-02,data/dictionaries/ch52_data_dictionary.csv,Synthetic full-batch XOR optimization only; three rates and one initialization do not establish robust convergence generalization or production fitness; training loss is not an operational metric
nrg-ch53-sample,1.0.0,"Chapter 53 reader sample: Regularisation, Initialization, and Normalisation",released,data/generated/ch53_sample.csv,CSV,8,24,One hidden layer per row with activation-aware initialization diagnostics and repeated training-control benchmarks,yes,scripts/data/generate_ch53_sample.py,53 for the input matrix; 1 through 8 for layer weights; 7 for dropout,,See CONTENT_LICENSE.md; permitted with companion code for learning and experimentation,sha256:92c25048d3ce03ec793d130cf6ce578b4d0508c2e07310289fd11e9de469da9c,53,notebooks/part_04_deep_learning/ch53_regularisation_initialization_normalisation.ipynb,exercises/**/ch53_*.md,fig-53-01;fig-53-02,data/dictionaries/ch53_data_dictionary.csv,Educational signal-propagation and control benchmarks only; one input draw and one per-layer seed sequence do not establish robustness or predictive performance; preprocessing statistics must be fit on training data only
nrg-ch54-sample,1.0.0,Chapter 54 reader sample: Convolutional Neural Networks,released,data/generated/ch54_sample.csv,CSV,144,20,One synthetic input pixel per row with its padded cross-correlation response mapped pooling cell shape arithmetic receptive field and parameter benchmarks,yes,scripts/data/generate_ch54_sample.py,not applicable; fixed image and kernel reproduce the chapter examples,,See CONTENT_LICENSE.md; permitted with companion code for learning and experimentation,sha256:8767f0322fb8c1b3cc4b6ffec3471f7458731d12f35a5ef5b4f702f744068f6a,54,notebooks/part_04_deep_learning/ch54_convolutional_neural_networks.ipynb,exercises/**/ch54_*.md,fig-54-01;fig-54-02,data/dictionaries/ch54_data_dictionary.csv,Synthetic single-channel image and hand-specified vertical-edge kernel only; responses do not represent a trained detector localization evidence predictive performance or deployment robustness
nrg-ch55-sample,1.0.0,"Chapter 55 reader sample: Sequences, Attention, and Transformers",released,data/generated/ch55_sample.csv,CSV,25,26,One query-token and source-token pair per row with scaled compatibility unmasked and causal weights outputs and source-position encoding,yes,scripts/data/generate_ch55_sample.py,not applicable; fixed vectors reproduce the notebook attention example,,See CONTENT_LICENSE.md; permitted with companion code for learning and experimentation,sha256:bfdd5c4ca8c49b7470856dcaec2c2603255d839436350363ee9a5a46449511b7,55,notebooks/part_04_deep_learning/ch55_sequences_attention_transformers.ipynb,exercises/**/ch55_*.md,fig-55-01;fig-55-02,data/dictionaries/ch55_data_dictionary.csv,Educational five-token single-head attention trace with hand-specified vectors only; weights are not faithful explanations causal effects evidence of understanding or model-performance estimates
nrg-ch56-sample,1.0.0,"Chapter 56 reader sample: Autoencoders, Transfer Learning, and Generative Models",released,data/generated/ch56_sample.csv,CSV,61,19,One synthetic package per row with fit role observed signals latent coordinates reconstruction residuals error threshold flag and rank,yes,scripts/data/generate_ch56_sample.py,56,,See CONTENT_LICENSE.md; permitted with companion code for learning and experimentation,sha256:d96b3aa7ac0ec574cc794f186d413b763efb79ed1ef65e33715827db969710e8,56,notebooks/part_04_deep_learning/ch56_autoencoders_transfer_learning_generative_models.ipynb,exercises/**/ch56_*.md,fig-56-01;fig-56-02,data/dictionaries/ch56_data_dictionary.csv,Synthetic linear-autoencoder example only; the in-sample routine 95th percentile is illustrative and reconstruction error is not a defect probability; production thresholds require held-out labeled validation subgroup checks workload limits and expert review
nrg-ch57-sample,1.0.0,"Chapter 57 reader sample: Deep Learning for Tables, Text, Images, and Time Series",released,data/generated/ch57_sample.csv,CSV,4,24,One synthetic modality comparison per row with decision data unit baseline neural candidate split rule quality compute monitoring and fallback,yes,scripts/data/generate_ch57_sample.py,not applicable; fixed values reproduce the notebook comparison,,See CONTENT_LICENSE.md; permitted with companion code for learning and experimentation,sha256:12c0c7a1fa174e9c3892caf0aea447421a5517b3a929b735a3c2e357e74574ee,57,notebooks/part_04_deep_learning/ch57_deep_learning_tables_text_images_time_series.ipynb,exercises/**/ch57_*.md,fig-57-01;fig-57-02,data/dictionaries/ch57_data_dictionary.csv,Synthetic teaching assumptions only and not production benchmarks; quality scales may not be directly comparable across decisions; value-per-compute omits labeling memory energy maintenance uncertainty and business error costs
nrg-ch58-sample,1.0.0,"Chapter 58 reader sample: Error Analysis, Interpretation, Responsibility, and Deployment",released,data/generated/ch58_sample.csv,CSV,12,31,One synthetic package decision per row with governed identifiers slices outcomes investigation hypotheses consequence queues ownership fallback and release status,yes,scripts/data/generate_ch58_sample.py,not applicable; fixed values reproduce the notebook error inventory,,See CONTENT_LICENSE.md; permitted with companion code for learning and experimentation,sha256:70b246d77ef2218b774550dc44f039b5a5e1bee8071261a592222e669fda0b37,58,notebooks/part_04_deep_learning/ch58_error_analysis_interpretation_responsibility_deployment.ipynb,exercises/**/ch58_*.md,fig-58-01;fig-58-02,data/dictionaries/ch58_data_dictionary.csv,Synthetic 12-package teaching inventory with unstable small slices and illustrative consequence values; error mechanisms are hypotheses not causal findings; release remains blocked until rollback is defined tested approved and linked to monitoring
nrg-ch59-sample,1.0.0,Chapter 59 reader sample: Demand Forecasting and Inventory-Risk Planning at NRG,released,data/generated/ch59_sample.csv,CSV,312,33,One weekly product and Jakarta distribution-centre observation with chronological role final-holdout baselines errors and a governed two-week replenishment decision,yes,scripts/data/generate_ch59_sample.py,20260828,,See CONTENT_LICENSE.md; permitted with companion code for learning and experimentation,sha256:b596f27832d08c4f16e6f6e313cf9f0972b262caa7edf56fc50d8cc2994f865f,59,notebooks/part_06_capstone/ch59_demand_forecasting_inventory_risk_nrg.ipynb,exercises/**/ch59_*.md,fig-59-01;fig-59-02;fig-59-03;fig-59-04;fig-59-05;fig-59-06,data/dictionaries/nrg_data_dictionary.csv,Synthetic teaching data with normally unobservable latent demand and fixed inventory assumptions; empirical errors may not survive structural change and the policy omits expiry uncertain lead times shared capacity multi-echelon transfers and supplier minimums
