figure_id,chapter,chapter_title,working_title,purpose,type,source_path,dataset_ids,ebook_path,caption,alt_text,status
fig-01-01,1,"Quantities, Units, and Measurement","Quantity, unit, and measurement chain","Quantity, unit, and measurement chain",annotated diagram,publication/figures/source/fig-01-01.py,nrg-ch01-sample,publication/figures/ebook/fig-01-01.png,Figure 1.1. A measurement connects a real property to a numerical value and unit. Removing the unit removes part of the meaning.,"Flow diagram from the mass of one pack to a scale reading, the number 84.9, and the unit grams. A note states that 84.9 grams is a quantity value while 84.9 alone is incomplete.",generated
fig-01-02,1,"Quantities, Units, and Measurement",Measurement precision and rounding,Measurement precision and rounding,comparison chart,publication/figures/source/fig-01-02.py,nrg-ch01-sample,publication/figures/ebook/fig-01-02.png,"Figure 1.2. Five pack measurements vary around the 85.0 g label value, while their mean equals 85.0 g. Variation does not by itself show that the label or a reading is wrong.","Line and point chart for five packs with measured masses 84.7, 85.1, 84.9, 85.0, and 85.3 grams. Dashed and dotted horizontal lines both mark 85.0 grams for the label and sample mean.",generated
fig-02-01,2,"Fractions, Ratios, Rates, and Percentages","Fractions, ratios, rates, and percentages from one NRG order","Fractions, ratios, rates, and percentages from one NRG order",annotated diagram,publication/figures/source/fig-02-01.py,nrg-ch02-sample,publication/figures/ebook/fig-02-01.png,"Figure 2.1. The fraction 150/200, simplified fraction 3/4, decimal 0.75, and percentage 75% express the same part-to-whole relationship.","Four connected boxes show 150 over 200, 3 over 4, 0.75, and 75 percent. A note explains that 150 selected cartons out of 200 total cartons can be represented in each form.",generated
fig-02-02,2,"Fractions, Ratios, Rates, and Percentages",Absolute versus relative change,Absolute versus relative change,bar chart,publication/figures/source/fig-02-02.py,nrg-ch02-sample,publication/figures/ebook/fig-02-02.png,"Figure 2.2. Line B produces more acceptable packs in total, but Line A has the higher acceptance rate. Absolute and relative comparisons answer different operational questions.","Two paired bar charts compare production lines. The absolute chart shows 960 acceptable packs for Line A and 1,425 for Line B. The relative chart shows acceptance rates of 96 percent for Line A and 95 percent for Line B.",generated
fig-03-01,3,Variables and Equations,Unknown quantities represented by an equation,Unknown quantities represented by an equation,balance diagram,publication/figures/source/fig-03-01.py,nrg-ch03-sample,publication/figures/ebook/fig-03-01.png,"Figure 3.1. Solving 18x + 120 = 1,200 preserves equality by subtracting 120 from both sides and then dividing both sides by 18. The solution is 60 cartons per pallet.","Three-row balance diagram. The first row shows 18x plus 120 equals 1,200. After subtracting 120 from both sides, the second row shows 18x equals 1,080. After dividing both sides by 18, the final row shows x equals 60 cartons.",generated
fig-03-02,3,Variables and Equations,One equation under changing inputs,One equation under changing inputs,coordinate plot,publication/figures/source/fig-03-02.py,nrg-ch03-sample,publication/figures/ebook/fig-03-02.png,"Figure 3.2. The equation 18x + 120 maps each cartons-per-pallet input to a shipment total. It reaches the required 1,200 cartons when x equals 60.","Line chart of cartons per pallet against total shipment cartons. The rising line for 18x plus 120 intersects the horizontal 1,200-carton target at x equals 60.",generated
fig-04-01,4,"Functions, Coordinates, and Graphs",Input-output mapping and linear cost function,Input-output mapping and linear cost function,coordinate plot,publication/figures/source/fig-04-01.py,nrg-ch04-sample,publication/figures/ebook/fig-04-01.png,"Figure 4.1. The freight function C(q) = 300,000 + 4,000q maps each shipment quantity to one cost. The intercept is IDR 300,000, and an input of 100 cases produces an output of IDR 700,000.","Coordinate plot of shipment quantity against freight cost for C of q equals 300,000 plus 4,000q. The straight line begins at IDR 300,000 when quantity is zero and includes the point 100 cases, IDR 700,000.",generated
fig-04-02,4,"Functions, Coordinates, and Graphs",Slope and intercept changes,Slope and intercept changes,comparison plot,publication/figures/source/fig-04-02.py,nrg-ch04-sample,publication/figures/ebook/fig-04-02.png,"Figure 4.2. Plan A starts with a higher fixed charge but rises by IDR 4,000 per case. Plan B starts lower but rises by IDR 6,000 per case. They break even at 60 cases and IDR 540,000.","Two freight-cost lines cross at 60 cases and IDR 540,000. Plan A begins at IDR 300,000 and has the shallower slope. Plan B begins at IDR 180,000 and has the steeper slope.",generated
fig-05-01,5,"Powers, Roots, Exponentials, and Logarithms",Linear versus exponential growth,Compare additive and compound demand paths,line chart,publication/figures/source/fig-05-01.py,nrg-ch05-sample,publication/figures/ebook/fig-05-01.png,"Figure 5.1. Linear demand adds 800 cases each year, while exponential demand grows by 8% on a changing base. Both reach 10,800 cases after one year but follow increasingly different paths.","Line chart for years zero to ten. Linear demand rises from 10,000 to 18,000 cases in equal steps. Exponential demand also reaches 10,800 after year one, then curves upward to about 21,589 cases by year ten.",generated
fig-05-02,5,"Powers, Roots, Exponentials, and Logarithms",Roots and logarithms as inverse operations,Show how roots and logarithms reverse power operations,annotated diagram,publication/figures/source/fig-05-02.py,nrg-ch05-sample,publication/figures/ebook/fig-05-02.png,"Figure 5.2. A logarithm recovers the exponent in 10 cubed equals 1,000, while a square root recovers the principal non-negative root in 7 squared equals 49.","Two paired inverse-operation diagrams. The upper pair connects exponent 3 and value 1,000 through a base-10 power and logarithm. The lower pair connects root 7 and value 49 through squaring and the principal square root.",generated
fig-06-01,6,Summation and Mathematical Notation,From repeated addition to sigma notation,Show that sigma notation compresses an unchanged addition rule,annotated equation,publication/figures/source/fig-06-01.py,nrg-ch06-sample,publication/figures/ebook/fig-06-01.png,"Figure 6.1. The four shipment quantities 120, 150, 90, and 140 cases total 500 cases whether written as repeated addition or as a finite sum from i = 1 to 4.","Four boxes labelled q1 through q4 contain shipment quantities of 120, 150, 90, and 140 cases. Their expanded addition equals 500 cases and an arrow leads to the equivalent sigma expression with bounds 1 and 4.",generated
fig-06-02,6,Summation and Mathematical Notation,"Indices, bounds, and terms",Explain how inclusive bounds select indexed terms,table-diagram,publication/figures/source/fig-06-02.py,nrg-ch06-sample,publication/figures/ebook/fig-06-02.png,Figure 6.2. Inclusive bounds from i = 1 through i = 4 select four shipment terms. The running sum reaches 500 cases after the fourth term.,"Table with four rows for indices 1 to 4, warehouse names, indexed shipment terms, and running sums of 120, 270, 360, and 500 cases. A note emphasizes that both bounds are included.",generated
fig-07-01,7,"Vectors, Distance, and Similarity","Magnitude, direction, and components",Connect vector components to magnitude and unit direction,vector diagram,publication/figures/source/fig-07-01.py,nrg-ch07-sample,publication/figures/ebook/fig-07-01.png,"Figure 7.1. The vector (3, 4) has horizontal and vertical components 3 and 4, magnitude 5, and unit direction (0.6, 0.8). Normalisation preserves direction while changing magnitude to 1.","Coordinate diagram with an arrow from the origin to the point 3, 4. Dashed lines mark horizontal component 3 and vertical component 4. Labels show magnitude 5 and unit direction 0.6, 0.8.",generated
fig-07-02,7,"Vectors, Distance, and Similarity","Euclidean, Manhattan, and cosine comparison",Compare separation and directional alignment on a two-feature projection,geometry plot,publication/figures/source/fig-07-02.py,nrg-ch07-sample,publication/figures/ebook/fig-07-02.png,"Figure 7.2. In the coffee-and-tea projection, warehouse profiles A = (4, 3) and B = (2, 4) have Euclidean distance about 2.24, Manhattan distance 3, and cosine similarity about 0.894. The full chapter vectors also include noodles.","Coordinate plot of two demand vectors from the origin. A straight segment between their endpoints represents Euclidean distance, a right-angled dashed path represents Manhattan distance, and the angle at the origin represents cosine similarity. A note identifies this as a two-feature projection.",generated
fig-08-01,8,Matrices and Systems of Equations,"Rows, columns, and matrix multiplication",Show compatible shapes and row dot products in a resource calculation,matrix diagram,publication/figures/source/fig-08-01.py,nrg-ch08-sample,publication/figures/ebook/fig-08-01.png,Figure 8.1. Multiplying the 2 by 2 coefficient matrix by the two-entry production vector produces two resource totals. Each output is one matrix-row dot product.,Three connected panels show coefficient matrix A multiplied by batch vector x to equal resource vector b. The first row calculation is 2 times 42 plus 1 times 16 equals 100; the second is 1 times 42 plus 3 times 16 equals 90.,generated
fig-08-02,8,Matrices and Systems of Equations,Two equations and their intersection,Show the unique production plan satisfying both resource equations,coordinate plot,publication/figures/source/fig-08-02.py,nrg-ch08-sample,publication/figures/ebook/fig-08-02.png,Figure 8.2. The ingredient-A and ingredient-B constraint lines intersect once at 42 coffee-blend batches and 16 tea-blend batches. This point satisfies both equations.,"Coordinate plot with coffee batches on the horizontal axis and tea batches on the vertical axis. Lines for 2x plus y equals 100 and x plus 3y equals 90 intersect at the highlighted point 42, 16, labelled as the unique solution.",generated
fig-09-01,9,"Change, Slopes, and Derivatives",Average and instantaneous rates of change,Show secant slopes converging toward a tangent slope,tangent plot,publication/figures/source/fig-09-01.py,nrg-ch09-sample,publication/figures/ebook/fig-09-01.png,"Figure 9.1. For f(x) = x squared at x = 3, secant slopes 7.0, 6.5, and 6.1 approach the tangent slope 6.0 as the interval h shrinks from 1.0 to 0.1.","Plot of the curve f of x equals x squared with three dashed secant lines and one solid tangent line sharing the anchor point 3, 9. The labelled secant slopes move from 7.0 toward the tangent slope 6.0.",generated
fig-09-02,9,"Change, Slopes, and Derivatives",Derivative as a changing slope,Connect changing tangent slopes with exact and numerical derivatives,line chart,publication/figures/source/fig-09-02.py,nrg-ch09-sample,publication/figures/ebook/fig-09-02.png,"Figure 9.2. Tangent slopes for f(x) = x squared increase from 2 at x = 1 to 10 at x = 5. The exact derivative 2x agrees with the central difference at h = 0.1, while the forward difference is consistently 0.1 higher.","Two-panel figure. The left panel shows tangent segments with slopes 2, 6, and 10 on the square curve. The right panel compares the exact derivative 2x with forward and central finite differences across inputs zero to five.",generated
fig-10-01,10,Accumulation and Integration,Accumulation with rectangles and trapezoids,Compare rate-times-width approximations and signed contributions,area diagram,publication/figures/source/fig-10-01.py,nrg-ch10-sample,publication/figures/ebook/fig-10-01.png,Figure 10.1. Half-hour left rectangles and trapezoids approximate the signed accumulation of the net flow r(t) = 12 - 3t. Contributions are positive before the rate crosses zero at hour 4 and negative afterwards.,Two side-by-side plots of a declining straight net-flow line from 12 cases per hour at hour zero to negative 6 at hour six. The left plot overlays half-hour left rectangles; the right overlays trapezoids. Positive contributions are shaded above zero and negative contributions below zero.,generated
fig-10-02,10,Accumulation and Integration,Rate and cumulative total,Connect the changing rate to net change and total movement,line chart,publication/figures/source/fig-10-02.py,nrg-ch10-sample,publication/figures/ebook/fig-10-02.png,"Figure 10.2. Integrating NRG's net flow produces a cumulative trajectory that peaks at 24 cases when the rate reaches zero. By hour 6 the signed net change is 18 cases, while total movement is 30 cases.","Two-panel figure. The left panel shades positive inbound and negative outbound regions under a declining net-flow rate. The right panel shows exact net change and cumulative trapezoids overlapping, rising to 24 cases at hour four and falling to 18 at hour six, while total movement continues upward to 30 cases.",generated
fig-11-01,11,Optimisation from Trial and Error to Gradients,Loss surface and gradient path,Show a two-parameter gradient-descent path toward a known minimum,contour plot,publication/figures/source/fig-11-01.py,nrg-ch11-sample,publication/figures/ebook/fig-11-01.png,"Figure 11.1. Starting at (-3, 4), gradient descent with learning rate 0.10 follows the negative gradient down the quadratic loss surface toward its minimum at (2, -1).","Contour plot of a bowl-shaped two-parameter loss surface. A gold path begins at the red point negative 3, 4 and moves through successively smaller contours toward a navy star marking the minimum at 2, negative 1.",generated
fig-11-02,11,Optimisation from Trial and Error to Gradients,Learning rate and convergence,Compare slow stable oscillating and divergent updates,line chart,publication/figures/source/fig-11-02.py,nrg-ch11-sample,publication/figures/ebook/fig-11-02.png,"Figure 11.2. On L(w) = (w - 4) squared + 2, learning rates 0.05 and 0.10 converge smoothly, 0.60 oscillates while converging, and 1.10 oscillates with increasing magnitude and diverges.","Two-panel line chart across 20 updates. Parameter paths approach the optimum w equals 4 at different speeds; the learning-rate 1.10 path swings beyond the plotted range. Log-scale loss histories converge toward 2 for rates 0.05, 0.10, and 0.60, while the 1.10 loss rises beyond ten thousand.",generated
fig-12-01,12,"Probability, Conditional Probability, and Bayes' Theorem",Conditional probability in quality inspection,Expose each conditioning group with natural frequencies,probability tree,publication/figures/source/fig-12-01.py,nrg-ch12-sample,publication/figures/ebook/fig-12-01.png,"Figure 12.1. Among 1,000 cartons, 18 of 20 defective cartons and 49 of 980 sound cartons produce alerts. The 67 alerts therefore contain both true and false positives.","Probability tree beginning with 1,000 cartons. It branches to 20 defective and 980 sound cartons, then to 18 defective alerts, 2 defective non-alerts, 49 sound alerts, and 931 sound non-alerts. A label notes 67 alerts in total.",generated
fig-12-02,12,"Probability, Conditional Probability, and Bayes' Theorem","Prior, evidence, and posterior",Show why sensitivity is not the posterior defect probability,Bayes flow,publication/figures/source/fig-12-02.py,nrg-ch12-sample,publication/figures/ebook/fig-12-02.png,"Figure 12.2. Although the camera has 90% sensitivity, only 18 of 67 alerts are defective cartons. Bayes' theorem updates the 2% prior defect probability to a 26.9% posterior after an alert.","Two-panel figure. The left chart compares 18 defective alerts with 49 sound-carton alerts. The right flow shows a 2% prior, 90% likelihood, 1.8% defective-and-alert joint probability, and 26.9% posterior probability of defect given an alert.",generated
fig-13-01,13,"Observations, Variables, Populations, and Samples","Population, sampling frame, sample, and observation",Distinguish the target population operational frame selected sample and one row,population-sample diagram,publication/figures/source/fig-13-01.py,nrg-ch13-sample,publication/figures/ebook/fig-13-01.png,"Figure 13.1. The 400-store target population contains a 384-store operational sampling frame, from which 50 stores are selected. One red point represents one store observation; 16 target stores are absent from the frame.","Nested-circle diagram. The outer circle is a target population of 400 stores, the middle circle a sampling frame of 384, and the inner circle a sample of 50. A red point identifies one store row, while an arrow notes 16 target stores missing from the frame.",generated
fig-13-02,13,"Observations, Variables, Populations, and Samples",Sampling variation,Show sample-to-sample variation in the mean under one fixed selection rule,dot plot,publication/figures/source/fig-13-02.py,nrg-ch13-sample,publication/figures/ebook/fig-13-02.png,"Figure 13.2. Means from 250 reproducible simple random samples of 50 frame-covered stores vary around the fixed population mean of 1,280.1 weekly units. The released sample mean is 1,323.2 units.","Stacked dot plot of 250 sample means, mostly between about 1,200 and 1,370 weekly units, with a solid vertical line at the 1,280.1-unit population mean and a dashed line at the released sample mean of 1,323.2.",generated
fig-14-01,14,"Data Types, Collection, Sampling, and Measurement Error",Variable and measurement-scale types,Separate computer storage representation from statistical measurement meaning,classification diagram,publication/figures/source/fig-14-01.py,nrg-ch14-sample,publication/figures/ebook/fig-14-01.png,"Figure 14.1. Storage type does not determine measurement scale: a text warehouse code is nominal, an integer satisfaction level is ordinal, Celsius temperature is interval scale, and weight in kilograms is ratio scale.","Four-row classification diagram mapping warehouse code stored as text to nominal scale, satisfaction stored as integer to ordinal scale, Celsius temperature stored as float to interval scale, and weight stored as float to ratio scale, with a short statement of meaningful operations.",generated
fig-14-02,14,"Data Types, Collection, Sampling, and Measurement Error",Systematic and random measurement error,Contrast a biased sensor with an otherwise comparable zero-offset sensor,comparison plot,publication/figures/source/fig-14-02.py,nrg-ch14-sample,publication/figures/ebook/fig-14-02.png,"Figure 14.2. Forty calibration readings from the biased scale have mean signed error +0.395 kg, close to the imposed +0.4 kg offset. The comparison scale has mean signed error +0.003 kg, while both retain random scatter.",Two scatter plots of signed error against reference weights from 10 to 100 kilograms. Biased-scale errors cluster around a dashed mean line at positive 0.395 kilograms; zero-offset-scale errors scatter around a dashed mean line near zero at positive 0.003 kilograms.,generated
fig-15-01,15,"Tables, Charts, and Distributions",Which chart answers which question,Match comparison distribution threshold and ordered-change questions to appropriate displays,chart matrix,publication/figures/source/fig-15-01.py,nrg-ch15-sample,publication/figures/ebook/fig-15-01.png,"Figure 15.1. Four views of the same 120-order sample show why display choice follows the question: a bar chart compares product categories, a histogram reveals delivery-time shape, an ECDF answers threshold questions, and a line chart follows daily order counts.",Four-panel chart matrix. A horizontal bar chart compares five product-category order counts; a histogram shows delivery times concentrated around three to four days; an ECDF marks the four-day service threshold; and a line chart shows daily order counts across April 2026.,generated
fig-15-02,15,"Tables, Charts, and Distributions",Clear and misleading chart designs,Show how a truncated baseline exaggerates a small difference in bar length,paired comparison,publication/figures/source/fig-15-02.py,nrg-ch15-sample,publication/figures/ebook/fig-15-02.png,"Figure 15.2. Both panels compare on-time delivery rates of 94% and 100%, a six-percentage-point difference. The zero-baseline panel preserves magnitude; the truncated 90% baseline visually exaggerates the gap.",Two bar charts contain identical values of 94% and 100%. The left chart starts at zero and shows a modest difference; the red right chart starts at 90% and makes the six-point difference appear much larger.,generated
fig-16-01,16,"Centres, Quantiles, and Spread","Mean, median, quantiles, and spread",Show how a slow tail affects centre while quartiles locate the middle half,distribution plot,publication/figures/source/fig-16-01.py,nrg-ch16-sample,publication/figures/ebook/fig-16-01.png,"Figure 16.1. The 80-shipment delivery-time distribution is right-skewed. The mean is 3.3 days, above the 2.7-day median; Q1 and Q3 are 1.6 and 4.0 days under NumPy's linear quantile method.","Histogram of delivery times concentrated between one and five days with a sparse tail reaching 18 days. Vertical lines mark Q1 at 1.6, median at 2.7, Q3 at 4.0, and mean at 3.3 days.",generated
fig-16-02,16,"Centres, Quantiles, and Spread",Five-number summary,Connect an annotated box plot to minimum quartiles median and maximum,box plot,publication/figures/source/fig-16-02.py,nrg-ch16-sample,publication/figures/ebook/fig-16-02.png,"Figure 16.2. The five-number summary is minimum 0.8, Q1 1.6, median 2.7, Q3 4.0, and maximum 18.0 days using NumPy's linear quantile method. The IQR is 2.4 days and the full range is 17.2 days.","Horizontal box plot spanning 0.8 to 18.0 delivery days. Labels identify the minimum, first quartile at 1.6, median at 2.7, third quartile at 4.0, and maximum, showing a long upper tail.",generated
fig-17-01,17,"Shape, Skewness, and Outliers","Symmetry, skewness, and tails",Contrast balanced routine variation right-skewed waiting and a distant valid tail event,distribution comparison,publication/figures/source/fig-17-01.py,nrg-ch17-sample,publication/figures/ebook/fig-17-01.png,"Figure 17.1. Three 60-observation scenarios contrast a roughly symmetric routine process, naturally right-skewed waiting times, and routine times plus one verified 18-day disruption. Mean and median markers show how tails can alter centre summaries.","Three aligned histograms use the same zero-to-19-day scale. The first is compact and approximately symmetric, the second has a long right tail, and the third is compact except for one isolated observation at 18 days. Mean and median lines are overlaid.",generated
fig-17-02,17,"Shape, Skewness, and Outliers",Outlier flags versus valid extremes,Demonstrate that an IQR screen triggers contextual review rather than automatic deletion,screening plot,publication/figures/source/fig-17-02.py,nrg-ch17-sample,publication/figures/ebook/fig-17-02.png,"Figure 17.2. The conventional upper IQR fence flags the 18-day shipment for review. Its source and route were verified in the teaching scenario, so it is retained and labelled as a disruption rather than silently deleted.",Strip plot of 60 delivery times clustered near five days with a dashed upper IQR fence. A single red point at 18 days is annotated as a verified disruption retained with context.,generated
fig-18-01,18,Probability Distributions,Discrete and continuous distributions,Distinguish probability mass at countable outcomes from density whose interval area is probability,small-multiple plots,publication/figures/source/fig-18-01.py,nrg-ch18-sample,publication/figures/ebook/fig-18-01.png,"Figure 18.1. A binomial PMF assigns probability mass to each possible late-shipment count, while a normal PDF assigns density across fill weights. For a continuous model, probability is area over an interval rather than curve height at one exact point.","Side-by-side plots show blue bars for binomial late-shipment probabilities from zero through ten and a smooth teal normal density for fill weights centred at 100 grams, with gold area beneath the curve.",generated
fig-18-02,18,Probability Distributions,Parameters change probability shapes,Show how Poisson rate and normal standard deviation select different family members,annotated curves,publication/figures/source/fig-18-02.py,nrg-ch18-sample,publication/figures/ebook/fig-18-02.png,Figure 18.2. Increasing the Poisson rate from 1 to 8 shifts likely event counts upward. Holding the normal mean at 100 while increasing sigma from 8 to 25 lowers and widens the density. Parameters change a model's operational implications.,Two panels compare parameter settings. Poisson mass curves move from low to higher counts as lambda increases from 1 to 8; normal curves centred at 100 become wider and flatter as sigma increases from 8 to 25.,generated
fig-19-01,19,Sampling Distributions and the Central Limit Theorem,Population to repeated sample means,Show individual sample variability and the centre of the repeated-sampling distribution,sampling simulation,publication/figures/source/fig-19-01.py,nrg-ch19-sample,publication/figures/ebook/fig-19-01.png,"Figure 19.1. Thirty-store sample means vary from replicate to replicate, but across 1,000 independent replicates their distribution remains centred near the fixed synthetic-population mean. Sampling variability is expected rather than evidence of an error.","Two panels show the first 30 sample means as points around a horizontal population-mean line and a histogram of all 1,000 means for samples of 30, with population and mean-of-means markers nearly aligned.",generated
fig-19-02,19,Sampling Distributions and the Central Limit Theorem,Central limit effect as sample size grows,Compare sampling-distribution shape and standard error for n equals 1 5 and 30,histogram series,publication/figures/source/fig-19-02.py,nrg-ch19-sample,publication/figures/ebook/fig-19-02.png,"Figure 19.2. Starting from a right-skewed synthetic population, sampling distributions of the mean become narrower and more regular as sample size increases from 1 to 5 to 30. The theoretical standard error follows population SD divided by square root of n.","Three histograms of 1,000 sample means use sample sizes 1, 5, and 30. The n=1 distribution is wide and right-skewed; the n=5 and n=30 distributions progressively narrow and look more symmetric, with standard errors printed above each panel.",generated
fig-20-01,20,Confidence Intervals,"Estimate, margin of error, and confidence interval",Label the point estimate endpoints margin of error and fixed population value,interval plot,publication/figures/source/fig-20-01.py,nrg-ch20-sample,publication/figures/ebook/fig-20-01.png,Figure 20.1. One simulated 40-store sample produces a point estimate and a 95% z interval equal to the estimate plus or minus 1.96 standard errors. The fixed population mean is shown for teaching verification but would be unknown in a real study.,"A thick horizontal confidence interval has labelled lower and upper endpoints, a gold point at the sample estimate, and a dashed red vertical line at the fixed synthetic-population mean of 1,000 weekly units.",generated
fig-20-02,20,Confidence Intervals,Repeated intervals and long-run coverage,Show that confidence belongs to the repeated procedure rather than certainty about one fixed interval,coverage simulation,publication/figures/source/fig-20-02.py,nrg-ch20-sample,publication/figures/ebook/fig-20-02.png,"Figure 20.2. The first 40 of 200 independently simulated 95% intervals vary around the fixed population mean. Teal intervals cover 1,000 weekly units; red intervals miss it. The displayed overall coverage is an empirical property of this finite simulation.","Forty horizontal confidence intervals are stacked by replicate around a dashed vertical population-mean line. Most teal intervals cross the line, while a small number of red intervals fall entirely to one side.",generated
fig-21-01,21,Hypothesis Tests without Mechanical Thinking,"Null model, statistic, and p-value",Show the observed statistic against a zero-effect reference distribution and its two-sided tail area,distribution diagram,publication/figures/source/fig-21-01.py,nrg-ch21-sample,publication/figures/ebook/fig-21-01.png,"Figure 21.1. The observed three-unit effect is compared with 2,000 simulated effects under a zero-effect null model with standard error 0.7. The plus-one corrected two-sided p-value is the share at least as extreme; it measures null compatibility, not effect size or business value.","Histogram of 2,000 effects centred at zero under the null model. Red vertical lines mark positive and negative three-unit observed-effect thresholds far into the tails, and the simulated two-sided p-value appears in the title.",generated
fig-21-02,21,Hypothesis Tests without Mechanical Thinking,Statistical evidence versus practical importance,Separate p-value evidence from a pre-declared minimum effect worth acting on,decision matrix,publication/figures/source/fig-21-02.py,nrg-ch21-sample,publication/figures/ebook/fig-21-02.png,Figure 21.2. Four controlled scenarios show that statistical evidence and practical importance are separate dimensions. A precise 0.8-unit effect can be statistically clear yet below the two-unit action threshold; a three-unit estimate can be important but too uncertain for strong evidence.,A two-by-two matrix crosses weak versus strong statistical evidence with below-threshold versus practically meaningful effects. Each quadrant contains a named scenario with its effect estimate and simulated p-value.,generated
fig-22-01,22,"Effect Size, Power, and Practical Importance","Effect size, sample size, and power",Show how planned effect and equal per-group sample size jointly determine power,power curve,publication/figures/source/fig-22-01.py,nrg-ch22-sample,publication/figures/ebook/fig-22-01.png,"Figure 22.1. Normal-approximation power curves for a two-sided 5% test show that larger planned effects require fewer observations per group to reach 80% power. Power is a design property tied to assumptions, not a quality label for a completed result.",Five rising power curves plot sample size per group from 10 to 200 for standardized effects from 0.1 through 0.8. A dashed horizontal line marks the 80% planning target.,generated
fig-22-02,22,"Effect Size, Power, and Practical Importance",Detectable and worthwhile effects,Contrast an 80 percent power target with a pre-declared one-day practical threshold,planning comparison,publication/figures/source/fig-22-02.py,nrg-ch22-sample,publication/figures/ebook/fig-22-02.png,"Figure 22.2. At 80 observations per group, planned power increases with effect size. The one-day minimum worthwhile effect and 80% power target are separate boundaries: detectability depends on precision, while usefulness depends on the decision context.",A rising line plots planned power against effects from 0.4 to 3.2 delivery days at 80 observations per group. A vertical line marks the one-day practical threshold and a horizontal line marks 80% power.,generated
fig-23-01,23,"Correlation, Association, and Regression","Association, fitted line, and residuals",Observed route times with their least-squares line; red vertical segments preserve each route's observed-minus-fitted residual.,scatterplot,publication/figures/source/fig-23-01.py,nrg-ch23-sample,publication/figures/ebook/fig-23-01.png,"Route distance is positively associated with delivery time. The fitted line summarizes the average pattern, while residual segments show prediction misses.",Scatterplot of route distance against delivery time with an upward fitted line. Red vertical segments connect observations to fitted values and represent residuals.,generated
fig-23-02,23,"Correlation, Association, and Regression","Curvature, unequal spread, and influence","Three scatterplots show curvature, widening residual spread, and a distant predictor value that rotates a fitted line.",diagnostic plots,publication/figures/source/fig-23-02.py,nrg-ch23-sample,publication/figures/ebook/fig-23-02.png,"Curvature, unequal spread, and high leverage can remain hidden when association is reduced to one line or coefficient.","Three panels: a curved delivery pattern, a fan-shaped pattern with increasing spread, and a high-leverage point that changes the fitted line.",generated
fig-24-01,24,"Categorical Data, ANOVA, and Non-parametric Methods",Outcome type and suitable group-comparison method,"A comparison matrix links categorical, continuous, ordinal, and design-restricted outcomes to suitable summaries and starting methods.",comparison matrix,publication/figures/source/fig-24-01.py,nrg-ch24-sample,publication/figures/ebook/fig-24-01.png,"Outcome scale and design determine the comparison: chi-square for counts, ANOVA or Welch for means, ranks for ordinal outcomes, and valid permutation schemes for restricted designs.",Four-row matrix linking outcome structures and NRG examples with what to display first and a suitable starting method.,generated
fig-24-02,24,"Categorical Data, ANOVA, and Non-parametric Methods",ANOVA and rank-based comparisons,"Picking-time box plots preserve continuous distributions, while stacked rating bars preserve the five ordered response categories.",distribution plot,publication/figures/source/fig-24-02.py,nrg-ch24-sample,publication/figures/ebook/fig-24-02.png,Different outcome scales require different displays and estimands: means for picking time and ordered category distributions for ratings.,Two panels compare shifts: box plots with mean diamonds for picking minutes and stacked proportions for ratings one through five.,generated
fig-25-01,25,Experimental Design and A/B Testing,Random assignment and outcome measurement,"A flow diagram follows 4,000 eligible accounts through blocked assignment to control or treatment and seven-day outcome measurement.",experiment flow,publication/figures/source/fig-25-01.py,nrg-ch25-sample,publication/figures/ebook/fig-25-01.png,"The account remains the unit from random assignment through outcome analysis, preventing repeated orders from being miscounted as independent assignments.","Flow diagram: 4,000 eligible accounts split by blocked random assignment into 2,000 control and 2,000 treatment accounts, then measured for completion and guardrails.",generated
fig-25-02,25,Experimental Design and A/B Testing,A/B effect with uncertainty,"Treatment-minus-control estimates and 95% normal intervals are shown for completion, correction requests, and support contacts.",interval plot,publication/figures/source/fig-25-02.py,nrg-ch25-sample,publication/figures/ebook/fig-25-02.png,"The three-percentage-point completion gain should be judged with uncertainty, the two-point practical threshold, and possible guardrail harm.",Horizontal interval plot shows a three-point completion increase plus smaller increases in correction requests and support contacts; a dashed line marks the two-point worthwhile threshold.,generated
fig-26-01,26,"Missing Data, Bias, Confounding, and Leakage","Bias, confounding, missingness, and leakage","Four panels distinguish informative missingness, selection bias, confounding, and post-outcome leakage.",causal diagrams,publication/figures/source/fig-26-01.py,nrg-ch26-sample,publication/figures/ebook/fig-26-01.png,"Missingness, selection, confounding, and leakage arise through different processes and require different remedies.","Four labeled panels show causal-arrow summaries for missingness, selection bias, urgency confounding, and a future exception code that reveals lateness.",generated
fig-26-02,26,"Missing Data, Bias, Confounding, and Leakage",Valid and leaked feature timing,"A shipment timeline places urgency, facility, and temperature before dispatch, but exception and arrival status afterward.",pipeline contrast,publication/figures/source/fig-26-02.py,nrg-ch26-sample,publication/figures/ebook/fig-26-02.png,Only information reliably available by dispatch belongs in a dispatch-time prediction model.,"Timeline split at dispatch: urgency, facility, and temperature are valid pre-decision features; final exception and arrival status are red post-decision leaked features.",generated
fig-27-01,27,From Statistical Reasoning to Machine Learning,Statistical reasoning to machine learning,"A four-stage continuum connects description, inference, prediction, and cost-aware decisions.",continuum diagram,publication/figures/source/fig-27-01.py,nrg-ch27-sample,publication/figures/ebook/fig-27-01.png,Machine learning extends statistical reasoning toward unseen-case prediction and operational decisions.,Four connected boxes progress from describing events through inference and prediction to decisions under costs.,generated
fig-27-02,27,From Statistical Reasoning to Machine Learning,Baseline and flexible model performance,Test-set mean absolute error compares a constant baseline with a simple learned model for demand and transit examples.,comparison chart,publication/figures/source/fig-27-02.py,nrg-ch27-sample,publication/figures/ebook/fig-27-02.png,A learned model earns added complexity only through useful improvement on unseen observations.,Paired bars show lower test mean absolute error for learned models than simple baselines in demand and transit examples.,generated
fig-28-01,28,"Explanation, Inference, Prediction, and Decisions","Explanation, inference, prediction, and decision","Four panels separate analytical purposes by question, output, and central evidence.",four-quadrant map,publication/figures/source/fig-28-01.py,nrg-ch28-sample,publication/figures/ebook/fig-28-01.png,"Shared data can support explanation, inference, prediction, or decisions, but each purpose requires a different target and standard of evidence.","Four labeled panels pair explanation with causal assumptions, inference with uncertainty, prediction with future-case performance, and decisions with costs and constraints.",generated
fig-28-02,28,"Explanation, Inference, Prediction, and Decisions",Accuracy versus decision value,Expected loss curves cross at the cost-implied expedite threshold of 0.15.,cost curve,publication/figures/source/fig-28-02.py,nrg-ch28-sample,publication/figures/ebook/fig-28-02.png,"With expedite cost 12 and late loss 80, the lower-loss action changes above a predicted late probability of 0.15.","Line chart compares constant expedite loss of 12 with standard-plan expected loss 80p; they cross at p equals 0.15, with shipment examples colored by recommended action.",generated
fig-29-01,29,Defining a Useful Analytical Problem,"Decision, outcome, unit, horizon, and action",A six-part canvas turns NRG's broad return concern into a decision-ready analytical specification.,problem canvas,publication/figures/source/fig-29-01.py,nrg-ch29-sample,publication/figures/ebook/fig-29-01.png,"A useful analytical problem names the decision, unit, outcome, use time, available action, and measurable success before selecting a model.","Six boxes define inspection allocation, one retail order, a 30-day damage return, scoring two hours before dispatch, available actions, and operational success.",generated
fig-29-02,29,Defining a Useful Analytical Problem,When an analytical problem is worthwhile,Sensitivity curves show how event rate and preventable fraction determine the upper-bound monthly value.,value-sensitivity chart,publication/figures/source/fig-29-02.py,nrg-ch29-sample,publication/figures/ebook/fig-29-02.png,"For 20,000 eligible orders and 30 value units per prevented return, plausible value changes sharply with return rate and preventability; the chapter example equals 3,000.","Three rising lines compare 10, 25, and 40 percent preventability across one, two, and four percent damage-return rates; a red point marks the chapter's 3,000-unit example.",generated
fig-30-01,30,"Provenance, Acquisition, and Data Quality",Source to decision with transformations,"A six-stage lineage follows data creation, storage, extraction, transformation, integration, and analytical use.",lineage diagram,publication/figures/source/fig-30-01.py,nrg-ch30-sample,publication/figures/ebook/fig-30-01.png,"Trustworthy provenance records definitions, filters, mappings, joins, versions, and hashes, not only where data moved.","Six connected stages show a gate scan moving through TMS storage, versioned extraction, UTC and route transformation, reconciled integration, and a hashed analytical snapshot.",generated
fig-30-02,30,"Provenance, Acquisition, and Data Quality","Completeness, validity, freshness, and reconciliation","Four bars compare duplicate, missingness, and timestamp-order problems at overall and subgroup scopes.",quality dashboard,publication/figures/source/fig-30-02.py,nrg-ch30-sample,publication/figures/ebook/fig-30-02.png,"Four percent overall temperature missingness passes a five-percent threshold, while 31 percent at one warehouse-period reveals a concentrated failure.","Bar chart shows 1.8 percent duplicate IDs, 4 percent overall missing temperature, 31 percent affected-warehouse missing temperature, and 0.12 percent timestamp-order violations.",generated
fig-31-01,31,"Cleaning, Transformation, and Reproducible Pipelines",Raw data to reproducible analysis table,"Six connected stages move a protected raw snapshot through validation, standardisation, parsing, revision resolution, and quality-gated publication.",pipeline diagram,publication/figures/source/fig-31-01.py,nrg-ch31-sample,publication/figures/ebook/fig-31-01.png,A reliable cleaning pipeline preserves raw evidence and makes every ordered transformation regenerable and testable.,"Flow diagram connects raw hashed data to schema validation, controlled standardisation, quantity and date parsing, revision resolution, and a published hashed dataset.",generated
fig-31-02,31,"Cleaning, Transformation, and Reproducible Pipelines",Cleaning effects without hiding changes,Before-and-after row counts and logged affected-value counts expose the effects of each cleaning stage.,before-after plots,publication/figures/source/fig-31-02.py,nrg-ch31-sample,publication/figures/ebook/fig-31-02.png,"Selecting final revisions reduces 10,240 rows to 9,870 while the transformation ledger keeps parsing, mapping, and removal effects visible.","Two panels compare raw and final row counts and show affected values for identifier standardisation, quantity parsing, city mapping, date parsing, and revision selection.",generated
fig-32-01,32,Feature Engineering,Prediction-time feature availability,A timeline separates features available before Monday 06:00 from outcomes and revisions created later.,time-boundary diagram,publication/figures/source/fig-32-01.py,nrg-ch32-sample,publication/figures/ebook/fig-32-01.png,"Feature eligibility is determined by reliable availability at the forecast origin, not by whether a field exists in historical data.","Timeline places prior demand, planned promotion, and stock before Monday 06:00; final shipments, returns, and revised promotion labels appear afterward as leakage.",generated
fig-32-02,32,Feature Engineering,"Numeric, categorical, temporal, and aggregate features","Four panels map enterprise inputs into numeric, categorical, temporal, and historical feature groups.",feature map,publication/figures/source/fig-32-02.py,nrg-ch32-sample,publication/figures/ebook/fig-32-02.png,"Purposeful features express mechanisms while retaining timing, units, fitted state, missing policy, and production consistency.","Four boxes give examples: numeric ratios and logs, warehouse indicators, cyclic calendar values, and lagged or trailing demand.",generated
fig-33-01,33,"Training, Validation, Testing, and Cross-validation","Random, grouped, and temporal evaluation",Compare split structures against deployment,split diagrams,publication/figures/source/fig-33-01.py,nrg-ch33-sample,publication/figures/ebook/fig-33-01.png,Figure 33.1. Random row splits require exchangeable observations; grouped splits keep dependent records together; temporal splits preserve the direction from past training data to future evaluation.,"Three panels compare random colored row assignments, complete order groups assigned together, and a timeline with training before validation. Notes identify the deployment condition each split represents.",generated
fig-33-02,33,"Training, Validation, Testing, and Cross-validation","Train, validation, and test boundaries","Show expanding windows, maturity gaps, and final test isolation",timeline,publication/figures/source/fig-33-02.py,nrg-ch33-sample,publication/figures/ebook/fig-33-02.png,Figure 33.2. Four expanding-window folds support model selection while a 30-day outcome-maturity gap separates each training period from evaluation. The latest three months remain an untouched final test.,"Five horizontal calendar bars show expanding blue training periods, hatched 30-day gaps, four gold validation windows, and a red January-to-March 2026 final test period.",generated
fig-34-01,34,"Underfitting, Overfitting, Bias, and Variance",Underfitting and overfitting,Show training and validation losses across model complexity,validation curves,publication/figures/source/fig-34-01.py,nrg-ch34-sample,publication/figures/ebook/fig-34-01.png,"Figure 34.1. Training error falls as polynomial degree increases, but validation error is high for the rigid degree-1 model and rises sharply for degree 12. Relevant unseen-data performance, not training fit alone, guides selection.","Line chart of training and validation mean squared error for polynomial degrees 1, 3, 6, and 12. Degree 1 has high losses on both sets; degree 12 has near-zero training loss but validation MSE of 480.",generated
fig-34-02,34,"Underfitting, Overfitting, Bias, and Variance",Data size and generalisation gap,Contrast learning-curve signatures and remedies,learning curves,publication/figures/source/fig-34-02.py,nrg-ch34-sample,publication/figures/ebook/fig-34-02.png,Figure 34.2. In the high-bias pattern training and validation losses converge at a poor level. In the high-variance pattern the validation gap narrows as representative training data increase.,Two learning-curve panels. High bias shows training and validation MSE converging near a high plateau; high variance shows low training MSE and initially high validation MSE whose gap narrows with larger samples.,generated
fig-35-01,35,"Baselines, Metrics, Imbalance, and Error Costs",Classification outcomes and error costs,Connect confusion counts to operational error types,confusion matrix,publication/figures/source/fig-35-01.py,nrg-ch35-sample,publication/figures/ebook/fig-35-01.png,Figure 35.1. At the illustrated threshold the model correctly alerts 60 of 80 late shipments but misses 20 and creates 90 false alerts. Confusion counts expose workload and consequences that accuracy alone hides.,"A two-by-two confusion matrix shows 60 true positives, 20 false negatives, 90 false positives, and 830 true negatives for 1,000 shipments.",generated
fig-35-02,35,"Baselines, Metrics, Imbalance, and Error Costs","Precision, recall, workload, and threshold",Show how threshold choice changes metrics and capacity,metric curves,publication/figures/source/fig-35-02.py,nrg-ch35-sample,publication/figures/ebook/fig-35-02.png,"Figure 35.2. Raising the alert threshold trades recall for higher precision and lower workload. A threshold of 0.60 produces 98 alerts and 72.5% recall, satisfying the illustrative limits of 100 alerts and 70% recall.",Two panels plot precision and recall plus alert count across thresholds from 0.30 to 0.80. Dashed lines show minimum recall and maximum workload; threshold 0.60 is marked feasible.,generated
fig-36-01,36,Linear and Logistic Regression for Prediction,Linear prediction and residuals,Connect numeric predictions to signed residuals,regression plots,publication/figures/source/fig-36-01.py,nrg-ch36-sample,publication/figures/ebook/fig-36-01.png,Figure 36.1. Linear regression predicts delivery hours directly. Vertical distances between observed and predicted values are signed residuals that should be inspected against fitted values and operational groups.,"Two panels show observed versus predicted delivery hours with vertical residual lines, and signed residuals around zero against fitted hours.",generated
fig-36-02,36,Linear and Logistic Regression for Prediction,"Scores, probabilities, odds, and threshold",Show conversion from linear score to probability and alert decision,logistic curve,publication/figures/source/fig-36-02.py,nrg-ch36-sample,publication/figures/ebook/fig-36-02.png,Figure 36.2. The logistic function maps an unrestricted linear predictor to a probability between zero and one. A 0.60 decision threshold corresponds to log odds of approximately 0.41.,"An S-shaped logistic curve maps scores from minus four to four into late probabilities. Sample shipments lie on the curve; dashed lines identify probability 0.60 and its score cutoff near 0.41, with the alert region shaded.",generated
fig-37-01,37,"Trees, Random Forests, and Gradient Boosting",A constrained decision tree,Show threshold questions and interaction paths,tree diagram,publication/figures/source/fig-37-01.py,nrg-ch37-sample,publication/figures/ebook/fig-37-01.png,"Figure 37.1. A constrained tree partitions shipments through waiting-time, distance, and refrigeration questions. Each path ends in a supported leaf probability rather than an unrestricted sequence of tiny leaves.","A depth-two decision tree first asks whether port waiting exceeds nine hours, then asks about route distance or refrigeration, ending in four leaves labelled 12%, 31%, 58%, and 76% late.",generated
fig-37-02,37,"Trees, Random Forests, and Gradient Boosting","Tree, random forest, and gradient boosting",Compare validation value with inference complexity,ensemble comparison,publication/figures/source/fig-37-02.py,nrg-ch37-sample,publication/figures/ebook/fig-37-02.png,Figure 37.2. Tree ensembles reduce illustrative validation cost relative to simpler approaches but require more inference time. The selected forest stays within alert capacity and offers a measured value-complexity compromise.,"A bar chart compares expected daily cost for a current rule, logistic model, tree, random forest, and gradient boosting. A scatter plot relates the same costs to inference latency, showing ensembles at lower cost but higher latency.",generated
fig-38-01,38,"Support Vector Machines, Nearest Neighbours, and Kernel Methods","Neighbours, margins, and kernels",Explain three geometric views of the same scaled shipment data,geometry plots,publication/figures/source/fig-38-01.py,nrg-ch38-sample,publication/figures/ebook/fig-38-01.png,Figure 38.1. Nearest neighbours connect a query to local cases; an SVM places a nonlinear boundary and margins; an RBF kernel assigns smoothly decreasing similarity with distance. All three views depend on the scaled representation.,"Three panels show concentric ordinary and late shipment points. The first connects a gold query star to its five nearest points; the second shows an SVM boundary, two margins, and circled support vectors; the third shades RBF similarity around the query.",generated
fig-38-02,38,"Support Vector Machines, Nearest Neighbours, and Kernel Methods","KNN, linear SVM, and RBF SVM",Compare local linear and kernel boundaries on identical scaled features,decision boundaries,publication/figures/source/fig-38-02.py,nrg-ch38-sample,publication/figures/ebook/fig-38-02.png,Figure 38.2. Distance-weighted KNN and an RBF SVM adapt to the nonlinear ring pattern while a linear SVM cannot separate the inner and outer groups. Method choice changes the boundary even when the scaled training data are identical.,"Three panels compare decision regions for five-neighbour KNN, a linear SVM, and an RBF SVM. Blue circles form an inner ordinary ring and red triangles form an outer late ring; only the nonlinear methods closely follow the circular separation.",generated
fig-39-01,39,Clustering and Segmentation,Segments and centroids,Show how scaled representation creates a centroid-based partition,cluster plot,publication/figures/source/fig-39-01.py,nrg-ch39-sample,publication/figures/ebook/fig-39-01.png,Figure 39.1. The released partition groups distributors by scaled ordering frequency and broad product mix. Gold crosses mark numerical centroids; neutral names describe patterns without claiming that the groups are natural or permanent.,"A scatter plot shows 120 distributors in three compact groups: steady bulk at upper left, frequent broad mix at upper right, and campaign specialist below. Each group has a gold centroid cross and a dashed comparison circle.",generated
fig-39-02,39,Clustering and Segmentation,Candidate cluster counts and stability,Compare internal geometry with perturbation stability and minimum viable size,diagnostic chart,publication/figures/source/fig-39-02.py,nrg-ch39-sample,publication/figures/ebook/fig-39-02.png,Figure 39.2. Inertia declines as more clusters are added while silhouette quality stability and minimum segment size tell different parts of the story. The marked three-cluster solution is a review candidate rather than an automatic truth.,Two panels compare candidate k values from two through six. The first plots relative inertia and mean silhouette; the second plots perturbation stability and smallest-segment share. A dashed line marks k equals three for governed review.,generated
fig-40-01,40,Dimensionality Reduction and Representation,Original features to principal components,Show how scores locate products while loadings connect new coordinates to original inputs,projection and loading diagram,publication/figures/source/fig-40-01.py,nrg-ch40-sample,publication/figures/ebook/fig-40-01.png,Figure 40.1. Six standardized portfolio measurements become two principal-component coordinates. Scores locate products and loading arrows describe feature contributions; the scaler and directions are fitted on training products only.,"Two panels show a PCA product representation. The left scatters 180 training and 60 test products by their first two component scores. The right shows six loading arrows for volume, orders, stockouts, margin, promotion, and lead time.",generated
fig-40-02,40,Dimensionality Reduction and Representation,Explained variance and reconstruction trade-off,Compare retained input variance with training and test reconstruction error across component counts,scree and reconstruction chart,publication/figures/source/fig-40-02.py,nrg-ch40-sample,publication/figures/ebook/fig-40-02.png,Figure 40.2. Cumulative training variance rises and reconstruction error falls as components are added. The 90 percent line and marked two-component view are review aids rather than universal selection rules.,Two panels compare one through six principal components. Bars and a cumulative line show training variance retained beside a 90 percent guide. Training and test reconstruction errors fall toward zero as components are added; two components are marked for review.,generated
fig-41-01,41,Anomaly Detection,"Point, contextual, and collective anomalies",Distinguish a single extreme batch from a context-specific deviation and a jointly unusual episode,anomaly panels,publication/figures/source/fig-41-01.py,nrg-ch41-sample,publication/figures/ebook/fig-41-01.png,Figure 41.1. An anomaly can be unusual alone unusual only within its product context or unusual because several consecutive batches form an episode. Each case requires investigation rather than an automatic defect conclusion.,"Three panels illustrate anomaly types in sauce batches: one extreme fill weight, a sauce A pH that resembles sauce B but is unusual for its own family, and three consecutive elevated-viscosity batches highlighted as an episode.",generated
fig-41-02,41,Anomaly Detection,"Scores, capacity, and investigation threshold",Connect descending model scores with a five-case queue and the resulting precision at capacity,queue chart,publication/figures/source/fig-41-02.py,nrg-ch41-sample,publication/figures/ebook/fig-41-02.png,Figure 41.2. Isolation scores order investigation evidence but do not represent defect probabilities. A five-case capacity boundary creates the actionable queue and its confirmed yield is evaluated with Precision@5.,Two panels show the top 20 monitoring batches. Ranked isolation scores are coloured red for confirmed relevant cases with a dashed boundary after rank five; a second plot shows confirmed precision as investigation capacity expands.,generated
fig-42-01,42,Time-Series Analysis and Forecasting,"Trend, seasonality, noise, and events",Separate the observed weekly series into interpretable structural and irregular contributions,time-series decomposition,publication/figures/source/fig-42-01.py,nrg-ch42-sample,publication/figures/ebook/fig-42-01.png,Figure 42.1. Weekly shipments combine a rising level annual seasonality irregular variation and known event adjustments. Plotting these structures first prevents a forecasting method from being chosen without understanding the calendar and data-generating context.,"Two aligned time-series panels cover 156 weeks. The upper panel plots observed cases, a dashed rising trend, and marked event weeks. The lower panel separates annual seasonality, irregular variation, and positive or negative event adjustments.",generated
fig-42-02,42,Time-Series Analysis and Forecasting,Rolling-origin predictions with uncertainty,Show repeated historical forecast vintages and the final origin's point forecast and interval,forecast plot,publication/figures/source/fig-42-02.py,nrg-ch42-sample,publication/figures/ebook/fig-42-02.png,Figure 42.2. Rolling origins repeat the operational task using only information available at issuance. The final week-130 seasonal-naive vintage illustrates serious interval miscalibration: only 3 of 26 holdout outcomes fall inside its nominal 80 percent interval.,"The left panel overlays actual weekly demand with four differently coloured 13-week seasonal-naive forecast vintages. The right panel shows the final 26-week forecast and shaded nominal 80 percent interval, with most actual outcomes above the band and coverage marked as 3 of 26.",generated
fig-43-01,43,Recommendation and Ranking,Candidate generation to reranking,Show retrieval scoring hard eligibility rules and diversity-aware reranking as one auditable pipeline,recommendation pipeline,publication/figures/source/fig-43-01.py,nrg-ch43-sample,publication/figures/ebook/fig-43-01.png,Figure 43.1. A recommender retrieves unseen candidates scores compatibility applies non-negotiable stock and market rules and reranks the eligible set for display. Logging must preserve exclusions positions exposures and later outcomes.,"A five-stage horizontal pipeline for distributor D43-002 moves from a 12-product catalogue through unseen retrieval, popularity and latent scoring, stock and market rules, and a five-product diversity-aware display list.",generated
fig-43-02,43,Recommendation and Ranking,Popularity and latent-factor recommendations,Compare top-five offline relevance and an example distributor's differently ordered lists,ranking comparison,publication/figures/source/fig-43-02.py,nrg-ch43-sample,publication/figures/ebook/fig-43-02.png,Figure 43.2. Popularity and three-factor rankings are compared on 72 later held-out choices using Precision@5 Recall@5 and NDCG@5. Different top-five lists for one distributor illustrate that method scores are not directly comparable.,"The left panel groups bars for popularity and latent-factor Precision@5, Recall@5, and NDCG@5. The right panel shows product labels for the two differently ordered top-five lists produced for distributor D43-002.",generated
fig-44-01,44,Text Data and Introductory Natural Language Processing,Governed text-to-routing pipeline,Show privacy controls safe splitting training-only representation classification and confidence-based review as one operational flow,NLP pipeline,publication/figures/source/fig-44-01.py,nrg-ch44-sample,publication/figures/ebook/fig-44-01.png,Figure 44.1. A governed routing pipeline preserves and redacts raw text groups the chronological split by conversation fits TF-IDF only on 256 training messages and routes or reviews later messages according to model confidence. The illustrative 0.68 threshold sends 26 of 64 test messages to review.,"A five-stage horizontal pipeline moves from governed text through a conversation-grouped chronological split, training-only TF-IDF representation, a four-route linear classifier, and confidence-based routing or human review. A red note lists the decisions and outcomes to log.",generated
fig-44-02,44,Text Data and Introductory Natural Language Processing,Terms associated with message routes,Compare the largest positive one-versus-rest coefficients for service quality finance and sales routes,coefficient chart,publication/figures/source/fig-44-02.py,nrg-ch44-sample,publication/figures/ebook/fig-44-02.png,Figure 44.2. The five largest positive one-versus-rest coefficients for each route expose associations learned by the four-class training-only TF-IDF baseline. Coefficients describe this fitted model rather than causal reasons for routing.,"Four horizontal bar charts show the top five positive TF-IDF coefficients for service, quality, finance, and sales. Terms include multilingual route signals, and a note warns that model associations are not causal explanations.",generated
fig-45-01,45,Survival and Time-to-Event Analysis,"Events, censoring, and delayed entry",Show when records join and leave a risk set and distinguish observed events from right censoring,risk-set timeline,publication/figures/source/fig-45-01.py,nrg-ch45-sample,publication/figures/ebook/fig-45-01.png,Figure 45.1. Six distributor timelines show entry into the observable risk set followed by either observed churn or administrative right censoring. Delayed entrants contribute no person-time before their entry month and censoring ends observation without creating a survival-curve drop.,"Six horizontal distributor timelines begin at months zero, three, or six. Teal triangles mark entry, red crosses mark observed churn, gold vertical marks show right censoring, and a dashed line marks the 12-month decision horizon.",generated
fig-45-02,45,Survival and Time-to-Event Analysis,Kaplan-Meier comparison and uncertainty,Compare unadjusted programme groups with confidence intervals horizon summaries and follow-up support,survival curves,publication/figures/source/fig-45-02.py,nrg-ch45-sample,publication/figures/ebook/fig-45-02.png,Figure 45.2. Kaplan-Meier curves with 95% log-log intervals compare 120 standard and 120 enhanced-programme distributors. At 24 months estimated churn-free survival is 0.368 versus 0.585 and restricted mean survival is 14.92 versus 18.36 months. Numbers at risk expose diminishing support; this synthetic observational contrast is not a causal estimate.,"Two descending step curves compare standard and enhanced retention programmes with shaded confidence bands. Text reports 24-month survival and restricted mean survival through 24 months, while a table lists numbers at risk at six-month intervals.",generated
fig-46-01,46,Introductory Causal Inference,Causal roles determine adjustment,Distinguish a confounder mediator and collider and show how each changes an adjustment decision,causal graph,publication/figures/source/fig-46-01.py,nrg-ch46-sample,publication/figures/ebook/fig-46-01.png,Figure 46.1. Three causal diagrams distinguish prior sales as a confounder to adjust for engagement as a mediator not to adjust for when estimating the total coaching effect and escalation as a collider that can open a spurious association if conditioned on. Graphs encode assumptions rather than prove them.,"Three side-by-side directed graphs show a prior-sales backdoor path into coaching and future sales, engagement on the pathway from coaching to future sales, and escalation receiving arrows from poor service and manager attention. Notes state the corresponding adjustment consequences.",generated
fig-46-02,46,Introductory Causal Inference,Before and after propensity weighting,Show propensity overlap measured-covariate balance and the difference between raw weighted and known synthetic effects,balance plot,publication/figures/source/fig-46-02.py,nrg-ch46-sample,publication/figures/ebook/fig-46-02.png,Figure 46.2. Propensity distributions overlap for 307 coached and 293 uncoached distributors. Inverse-probability weighting reduces absolute standardized differences for prior sales from 0.462 to 0.036 and tenure from 0.309 to 0.004. The raw 14.65-kIDR difference and 6.45-kIDR weighted estimate bracket but do not exactly recover the known eight-kIDR simulation effect.,The left panel overlays coached and uncoached propensity histograms. The right panel connects before-weighting red squares to after-weighting teal circles for prior-sales and tenure standardized differences with a dotted 0.10 guide. A footer compares raw weighted and known synthetic effects.,generated
fig-47-01,47,"Calibration, Comparison, and Explainable AI",Predicted and observed probability,Compare reliability and bin support before and after separately fitted Platt recalibration,reliability diagram,publication/figures/source/fig-47-01.py,nrg-ch47-sample,publication/figures/ebook/fig-47-01.png,Figure 47.1. On the untouched 250-shipment test set Platt recalibration reduces Brier score from 0.199 to 0.190 and eight-bin expected calibration error from 0.113 to 0.069 while preserving the raw ranking. Point area indicates bin count and the lower histogram exposes probability support.,A reliability chart compares gold raw-score squares and teal calibrated circles with the perfect-calibration diagonal; larger markers represent more shipments. A lower overlaid histogram shows raw and calibrated probability-bin counts. Test metrics report improved Brier score and expected calibration error.,generated
fig-47-02,47,"Calibration, Comparison, and Explainable AI",Global importance with validation cautions,Show repeated permutation importance alongside limits on interpretation,importance chart,publication/figures/source/fig-47-02.py,nrg-ch47-sample,publication/figures/ebook/fig-47-02.png,Figure 47.2. Repeated test-set permutation importance measures the increase in calibrated-model Brier score across 30 shuffles. Port congestion and route distance show greater reliance than fragile-product status but the estimates remain specific to this model population and metric and do not establish causality.,A horizontal bar chart with standard-deviation error bars ranks port congestion route distance and fragile-product status by the increase in test Brier score after shuffling. Three adjacent caution cards state that importance is model-specific correlated inputs can substitute and association is not causation.,generated
fig-48-01,48,"Deployment, Drift, Monitoring, and Retraining","Model, service, monitoring, response, and rollback",Connect the prediction path to immutable logs layered monitoring owned response lifecycle states and a compatible rollback target,deployment architecture,publication/figures/source/fig-48-01.py,nrg-ch48-sample,publication/figures/ebook/fig-48-01.png,Figure 48.1. A production decision path connects orders shared features a versioned model an intervention queue and later outcomes. Immutable logs feed layered monitoring and an owned response loop while the registry preserves lifecycle states and a compatible rollback target.,A two-level architecture diagram shows orders passing through shared features a versioned model and an intervention queue to actions and later outcomes. Blue arrows feed immutable logs layered monitoring and an owned-response box. A registry below lists candidate through superseded states and retains a rollback version.,generated
fig-48-02,48,"Deployment, Drift, Monitoring, and Retraining","Quality, drift, latency, labels, and incidents",Connect layered monitoring signals delayed outcome evidence and the owned rollback response,monitoring dashboard,publication/figures/source/fig-48-02.py,nrg-ch48-sample,publication/figures/ebook/fig-48-02.png,Figure 48.2. Across 12 weekly cohorts route-distance PSI rises from 0.030 to a critical 0.310 as missingness latency and errors also breach critical limits in week nine. Incident INC-48-001 triggers rollback in week ten. Label coverage declines for recent cohorts so Brier score is withheld below 80 percent coverage.,Four aligned panels show weekly drift data-quality and latency thresholds declining label-join coverage with available Brier scores and a green amber red alert strip. Week nine is marked as incident detection and week ten as rollback to the previous version.,generated
fig-49-01,49,When Deep Learning Earns Its Cost,When deep learning earns lifecycle cost,Show that every readiness dimension and conservative net value must pass before a bounded pilot,decision gate,publication/figures/source/fig-49-01.py,nrg-ch49-sample,publication/figures/ebook/fig-49-01.png,Figure 49.1. The transfer-CNN proposal passes data baseline operations and governance gates with a weakest score of 0.78 and has positive annual net value of IDR 96.8 million. Any failed gate or nonpositive value routes the programme to blocker repair or the simpler baseline rather than automatic promotion.,A horizontal decision flow moves from a defined decision and strong baseline through four readiness boxes to a positive-net-value check and bounded shadow pilot. A red alternative path sends any failed gate or nonpositive value to repair or retention of the simpler baseline.,generated
fig-49-02,49,When Deep Learning Earns Its Cost,Incremental quality versus total cost,Compare proposal-level gross value with lifecycle cost and show the error reduction needed to break even,value chart,publication/figures/source/fig-49-02.py,nrg-ch49-sample,publication/figures/ebook/fig-49-02.png,Figure 49.2. Three of eight proposals combine positive net value with all readiness scores at or above 0.60. For the manuscript's custom-CNN example a two-percentage-point error reduction creates IDR 180 million in gross value against IDR 237.5 million in lifecycle cost; break-even requires 2.64 percentage points.,The left panel plots eight proposal bubbles against a diagonal where gross incremental value equals lifecycle cost with pilot candidates shown as teal circles. The right panel plots gross value by absolute error reduction with lifecycle cost and the 2.64-percentage-point break-even marked.,generated
fig-50-01,50,From a Linear Model to an Artificial Neuron,A binary neuron from inputs to action,Explain the weighted sum sigmoid probability and separate action threshold with the manuscript's package-risk example,neuron diagram,publication/figures/source/fig-50-01.py,nrg-ch50-sample,publication/figures/ebook/fig-50-01.png,Figure 50.1. Standardized impact of 0.8 and moisture of 0.4 enter a neuron with weights 1.8 and 1.1 and bias -1.4. The weighted sum is 0.48 and its sigmoid is 0.618; a separate 0.50 threshold turns that probability into an inspection action.,Two input boxes for standardized impact and moisture feed a weighted-sum box labeled with weights 1.8 and 1.1 and bias -1.4. The sum of 0.48 passes through a sigmoid to produce probability 0.618 before a distinct threshold box selects inspection.,generated
fig-50-02,50,From a Linear Model to an Artificial Neuron,Gradient descent and the learned linear boundary,Show that optimization reduces binary cross-entropy while one neuron retains a linear representation,loss and boundary plot,publication/figures/source/fig-50-02.py,nrg-ch50-sample,publication/figures/ebook/fig-50-02.png,Figure 50.2. Full-batch gradient descent reduces mean training binary cross-entropy from 0.693 to 0.244 across 900 epochs. The fitted neuron reaches 88.3% training accuracy with a single straight decision boundary; more epochs cannot make one line represent XOR.,The left panel shows binary cross-entropy falling steeply from 0.693 and flattening at 0.244 over 900 epochs. The right panel shows 240 package points by damage label a straight probability-0.50 boundary and gold rings around training errors.,generated
fig-51-01,51,"Layers, Activations, Losses, and Forward Propagation",Forward propagation with explicit tensor shapes,Trace a 32-package batch through a four-input six-hidden-unit three-class dense network,network diagram,publication/figures/source/fig-51-01.py,nrg-ch51-sample,publication/figures/ebook/fig-51-01.png,Figure 51.1. A batch of 32 packages and four features passes through a six-unit ReLU hidden layer and a three-class softmax output. Shapes remain explicit throughout: (32 4) to (32 6) to (32 3). The two dense layers contain 30 and 21 parameters respectively.,Five connected boxes show the input batch dense hidden transformation ReLU output logits and softmax probabilities. Weight and bias shapes appear above the arrows and the 30 plus 21 parameter calculation appears below.,generated
fig-51-02,51,"Layers, Activations, Losses, and Forward Propagation",Four activation functions and their output ranges,Compare identity sigmoid tanh and ReLU transformations across the same preactivation range,activation plots,publication/figures/source/fig-51-02.py,nrg-ch51-sample,publication/figures/ebook/fig-51-02.png,Figure 51.2. Identity preserves unrestricted values; sigmoid maps to zero through one; tanh maps to minus one through one; and ReLU returns zero for negative preactivations and the input for positive values. Nonlinear hidden activations prevent stacked dense layers from collapsing into one linear transformation.,A two-by-two panel plots identity as a straight diagonal sigmoid as an S-curve between zero and one tanh as an S-curve between minus one and one and ReLU as zero before the origin followed by a rising straight line.,generated
fig-52-01,52,"Gradients, Backpropagation, and Optimisation",Forward values and backward gradients,Show the cached two-layer forward graph and the reverse chain-rule path that computes every parameter gradient,computational graph,publication/figures/source/fig-52-01.py,nrg-ch52-sample,publication/figures/ebook/fig-52-01.png,Figure 52.1. Forward propagation caches the hidden tanh activation and output probability. Backpropagation starts with (P minus Y) divided by batch size and applies the chain rule back through the output weights and tanh derivative. For W1 element zero zero the analytical and central finite-difference gradients agree within 7.7e-13.,A teal top row moves from inputs through hidden weighted sum tanh output weighted sum sigmoid and binary cross-entropy. A red lower row reverses direction through output error output-weight gradient hidden error tanh derivative and first-layer gradient.,generated
fig-52-02,52,"Gradients, Backpropagation, and Optimisation",Loss and gradient health across learning rates,Compare optimization paths from identical data initialization and epoch budgets,diagnostic plots,publication/figures/source/fig-52-02.py,nrg-ch52-sample,publication/figures/ebook/fig-52-02.png,Figure 52.2. With identical XOR data seed and 800-epoch budget learning rate 0.01 ends at loss 0.6654 and has not learned XOR. Rates 0.10 and 0.50 end at 0.0548 and 0.0054 and recover the 0-1-1-0 pattern. Gradient norms show that optimization paths differ even when initialization is fixed.,The left log-scale panel plots training loss for learning rates 0.01 0.10 and 0.50. The slow curve remains high while the other two fall. The right log-scale panel plots the corresponding total gradient norms with distinct early peaks and later declines.,generated
fig-53-01,53,"Regularisation, Initialization, and Normalisation",Initialization through deep layers,Show how a too-small scale erases tanh activations while activation-aware Xavier-tanh and He-ReLU pairs retain usable variation,signal-flow comparison,publication/figures/source/fig-53-01.py,nrg-ch53-sample,publication/figures/ebook/fig-53-01.png,"Figure 53.1. Across the same 1,000 inputs and deterministic per-layer seeds, a 0.01 weight scale with tanh drives activation variance from 0.0032 at layer one to 1.24e-18 at layer eight. Xavier with tanh and He with ReLU retain materially larger variation. The paired comparisons diagnose signal propagation rather than rank predictive performance.",A log-scale line chart shows activation variance across eight hidden layers. The small-plus-tanh line falls by about 15 orders of magnitude while Xavier-plus-tanh remains near 0.06 to 0.32 and He-plus-ReLU remains near 0.54 to 0.93.,generated
fig-53-02,53,"Regularisation, Initialization, and Normalisation","Regularisation, normalisation, and early stopping",Map six training controls to the failure they address their training behavior and their required evaluation or inference rule,control matrix,publication/figures/source/fig-53-02.py,nrg-ch53-sample,publication/figures/ebook/fig-53-02.png,"Figure 53.2. Initialization, input standardization, batch normalization, L2 regularization, dropout, and early stopping address different failure modes and require explicit evaluation rules. The reproducible benchmarks show training-fitted means and scales, 24.79% observed zeros under 25% inverted dropout, output mean 1.003, and an L2 penalty of 0.2625.",A six-row control matrix links each training control to a warning sign its training behavior its evaluation or inference rule and a verification check. Benchmark callouts report the fitted standardizer dropout and L2 calculations.,generated
fig-54-01,54,Convolutional Neural Networks,Kernel sliding over an image,Show the exact local patch kernel elementwise products and summed cross-correlation response for the chapter image,convolution diagram,publication/figures/source/fig-54-01.py,nrg-ch54-sample,publication/figures/ebook/fig-54-01.png,Figure 54.1. A shared 3 by 3 vertical-edge kernel is applied to a highlighted local patch from the synthetic package image. Elementwise multiplication produces three positive unit responses whose sum is 3.0 at feature-map position row 4 column 3. The operation is cross-correlation because the kernel is not flipped.,Four panels show a synthetic 12 by 12 package image with a gold highlighted patch followed by the extracted 3 by 3 values the vertical-edge kernel and their elementwise products. The final annotation reports a summed response of 3.0.,generated
fig-54-02,54,Convolutional Neural Networks,"Edge map, pooling, and receptive field",Connect signed edge detection and max pooling to spatial compression and an eight-pixel receptive field across a short layer stack,feature panels,publication/figures/source/fig-54-02.py,nrg-ch54-sample,publication/figures/ebook/fig-54-02.png,"Figure 54.2. The padded vertical-edge operation preserves the 12 by 12 shape and marks edge direction with signed responses. Two-by-two max pooling over absolute responses reduces the map to 6 by 6 while coarsening position. A 3 by 3 convolution, 2 by 2 stride-two pool, and second 3 by 3 convolution expand one activation's receptive field from one to eight input pixels.",The top row shows the synthetic package image its red-blue signed vertical-edge map and a gold-brown pooled magnitude map at half the height and width. The lower flow expands receptive field from 1 to 3 to 4 to 8 pixels while the effective jump becomes 2.,generated
fig-55-01,55,"Sequences, Attention, and Transformers","Queries, keys, values, masks, and weighted output",Trace token vectors through learned projections scaled scores a causal mask softmax and the final weighted-value mixture,attention diagram,publication/figures/source/fig-55-01.py,nrg-ch55-sample,publication/figures/ebook/fig-55-01.png,"Figure 55.1. Self-attention projects token representations into queries, keys, and values; divides query-key scores by the square root of key dimension; masks impermissible positions; applies row-wise softmax; and mixes values. For the query token tiba, belum has the strongest permitted weight at 0.304 and the causal output is [3.329, 4.329].",A left-to-right diagram moves five token vectors through query key and value projections scaled score calculation causal masking and softmax to a weighted attention output. Three lower boxes define queries as needs keys as compatibility and values as content.,generated
fig-55-02,55,"Sequences, Attention, and Transformers",Masked attention weights and positions,Compare unmasked and causal attention matrices and show how six sinusoidal components distinguish five token positions,heatmap,publication/figures/source/fig-55-02.py,nrg-ch55-sample,publication/figures/ebook/fig-55-02.png,"Figure 55.2. Unmasked self-attention allocates positive weight across all five source tokens. The causal mask makes every future-position weight in the upper triangle exactly zero while each row still sums to one. Six sinusoidal components give the ordered tokens stok, kopi, belum, tiba, and jakarta distinct position vectors.",Two annotated five-by-five heatmaps compare unmasked attention with lower-triangular causal attention for five Indonesian message tokens. A line chart beside them plots six sinusoidal position components across the same ordered tokens.,generated
fig-56-01,56,"Autoencoders, Transfer Learning, and Generative Models","Encoder, representation, and decoder",Trace three observed signals through a two-dimensional bottleneck and reconstructed output while locating routine an unusual and interpolated packages in latent space,latent-space diagram,publication/figures/source/fig-56-01.py,nrg-ch56-sample,publication/figures/ebook/fig-56-01.png,"Figure 56.1. Sixty routine three-signal packages fit a two-dimensional linear autoencoder. The encoder maps each observation to a bottleneck, and the decoder reconstructs it. The deliberately inconsistent package is scored only after fitting. A five-step latent interpolation is a mathematical path whose decoded states still require physical validation.","An upper flow moves three-dimensional package signals through an encoder to a two-dimensional bottleneck and decoder, with reconstruction compared against input. A lower latent scatter shows 60 routine packages colored by reconstruction error, a gold five-step interpolation path, and a red star for the unusual package.",generated
fig-56-02,56,"Autoencoders, Transfer Learning, and Generative Models",Reconstruction error for anomaly review,Show the routine error distribution illustrative review threshold and unusual package rank while distinguishing review priority from defect probability,error plot,publication/figures/source/fig-56-02.py,nrg-ch56-sample,publication/figures/ebook/fig-56-02.png,"Figure 56.2. Routine-package reconstruction error averages 0.000730, and its illustrative 95th percentile is 0.001843. The unusual package's error is 1.783828 and ranks first by a wide margin. This error can prioritize review but is not a calibrated defect probability.","Left: histogram of 60 routine reconstruction errors with a dashed 95th-percentile threshold at 0.001843. Right: log-scale ordered reconstruction errors, with routine points below about 0.003 and a red unusual-package point at 1.784.",generated
fig-57-01,57,"Deep Learning for Tables, Text, Images, and Time Series","Tables, text, images, and time series",Map each data form to its modeling unit strong baseline neural candidate leakage boundary monitoring focus and safe fallback,architecture matrix,publication/figures/source/fig-57-01.py,nrg-ch57-sample,publication/figures/ebook/fig-57-01.png,"Figure 57.1. Tables, text, images, and time series expose different modeling units and failure modes. Each row pairs a strong baseline with a modality-matched neural candidate, then records the split boundary, production monitoring, and fallback. A uniform neural stack would erase these operational differences.","A four-row matrix compares table, text, image, and time-series work. Columns identify the modeling unit, strong baseline, neural candidate, leakage boundary, and modality-specific monitoring plus fallback. Examples include conversation-level text splits, package-level image splits, and time splits before sensor-window construction.",generated
fig-57-02,57,"Deep Learning for Tables, Text, Images, and Time Series",Quality gain versus computation by modality,Compare synthetic held-out quality with training time inference latency and a simple value-per-compute score while retaining strong baselines,value comparison,publication/figures/source/fig-57-02.py,nrg-ch57-sample,publication/figures/ebook/fig-57-02.png,"Figure 57.2. The strong tabular baseline scores 0.84 versus 0.83 for its neural candidate. Neural candidates improve synthetic text, image, and time-series quality by 4.7%, 11.5%, and 3.7% relative to baseline. Under the stated training-time and latency assumptions, image has the highest simple value-per-compute score. These values illustrate a comparison protocol rather than benchmark real systems.","Left: paired bars compare strong-baseline and neural-candidate held-out quality for table, text, image, and time-series examples; the table baseline wins while the other neural candidates improve. Right: a bubble plot shows relative gain against neural training hours, with bubble area representing inference latency and image marked as highest value per compute.",generated
fig-58-01,58,"Error Analysis, Interpretation, Responsibility, and Deployment","Prediction, review, action, outcome, and incident",Show the full sociotechnical deployment unit with named ownership monitoring incident containment controlled change fallback and rollback,responsibility flow,publication/figures/source/fig-58-01.py,nrg-ch58-sample,publication/figures/ebook/fig-58-01.png,"Figure 58.1. Package capture and joins feed a versioned prediction, informed human review, operational action, and delayed outcome evidence. Monitoring can trigger incident containment and a controlled change with regression tests, approval, and rollback. Release authority and responsibility remain with named people rather than the model.","A top flow links capture and join, prediction, inspector review, operational action, and outcome evidence, with an owner named inside each stage. A lower incident path connects monitoring to containment and then controlled change with regression tests, approval, and rollback.",generated
fig-58-02,58,"Error Analysis, Interpretation, Responsibility, and Deployment","Errors, consequences, and deployment readiness",Connect row-level outcomes uncertainty and harm queues slice denominators and a blocking deployment control,slice dashboard,publication/figures/source/fig-58-02.py,nrg-ch58-sample,publication/figures/ebook/fig-58-02.png,"Figure 58.2. The 12-package inventory contains four true positives, four true negatives, two false positives, and two false negatives. Each six-package factory slice has a 33.3% error rate and 16.7% false-negative rate. Near-threshold and highest-expected-harm queues select different cases. Deployment remains blocked because rollback is undefined.","Four panels show counts of TP, TN, FP, and FN; package risk scores with gold near-threshold circles and navy highest-harm squares; factory A and B error and false-negative rates with six observations each; and a deployment checklist where five controls pass but rollback fails, blocking release.",generated
fig-59-01,59,Demand Forecasting and Inventory-Risk Planning at NRG,NRG demand forecasting and inventory decision workflow,Connect the weekly data contract and rolling-origin evidence to uncertainty feasible ordering approval monitoring and tested fallback,case flow,publication/figures/source/fig-59-01.py,nrg-ch59-sample,publication/figures/ebook/fig-59-01.png,"Figure 59.1. NRG's replenishment workflow begins with a weekly product–distribution-centre contract and honest rolling origins. Empirical lead-time uncertainty informs a feasible inventory action, but a planner still approves it. Outcomes return through monitoring, and exceptional conditions can invoke seasonal-naive or manual fallback.",A top flow moves from data contract through rolling origins uncertainty feasible action and planner approval. A lower feedback path connects outcomes monitoring and fallback back to the contract. Named evidence and controls appear inside each stage.,generated
fig-59-02,59,Demand Forecasting and Inventory-Risk Planning at NRG,Demand history and forecast origins,Show 104 consecutive weeks for three products while distinguishing latent demand fulfilled sales promotions stockouts and the final 13-week holdout,line chart,publication/figures/source/fig-59-02.py,nrg-ch59-sample,publication/figures/ebook/fig-59-02.png,Figure 59.2. Each product has 104 consecutive Monday observations at JKT_DC. Latent demand and observed sales separate at stockouts; promotion markers expose known calendar effects. The final 13 weeks are shaded as an untouched holdout after a 91-week training history.,Three aligned time-series panels show Sambal 250 Kopi 200 and Teh 20. Blue latent-demand and teal sales lines run across 104 weeks with gold promotion triangles red stockout crosses a dashed final forecast origin and a shaded 13-week holdout.,generated
fig-59-03,59,Demand Forecasting and Inventory-Risk Planning at NRG,"Naive, seasonal, and selected model performance",Compare last-observation seasonal-naive and drift forecasts under the same final 13-week protocol and show the selected Sambal path,forecast comparison,publication/figures/source/fig-59-03.py,nrg-ch59-sample,publication/figures/ebook/fig-59-03.png,"Figure 59.3. Seasonal naive has the lowest final-holdout WAPE for each synthetic product: 6.83% for sambal, 7.75% for coffee, and 10.86% for tea. The Sambal panel shows where its repeated seasonal pattern tracks realized demand better than last-observation and drift baselines. Selection uses only the shared chronological protocol.",Left: grouped bars compare holdout WAPE for three baselines across sambal coffee and tea with seasonal naive lowest in every group. Right: 13 Sambal actual values are plotted with last-observation seasonal-naive and drift paths.,generated
fig-59-04,59,Demand Forecasting and Inventory-Risk Planning at NRG,Demand uncertainty across the planning horizon,Use historical rolling-origin residuals to distinguish horizon-specific forecast bands from cumulative lead-time error,forecast bands,publication/figures/source/fig-59-04.py,nrg-ch59-sample,publication/figures/ebook/fig-59-04.png,"Figure 59.4. Historical seasonal-naive residuals form an empirical 10–90% range around Sambal's final forecast. The second panel accumulates residuals because replenishment protects demand over lead time, not one isolated week. The two-week marker locates the policy horizon; past errors remain informative only while the process is sufficiently stable.",Left: a teal 13-week point forecast and navy realized demand sit inside and outside a light-blue empirical band. Right: median and 10–90% cumulative forecast-error paths widen by horizon with a red dashed marker at the two-week lead time.,generated
fig-59-05,59,Demand Forecasting and Inventory-Risk Planning at NRG,Understock and overstock trade-off,Relate empirical demand scenarios asymmetric holding and shortage consequences planning quantiles and achieved service,cost curve,publication/figures/source/fig-59-05.py,nrg-ch59-sample,publication/figures/ebook/fig-59-05.png,"Figure 59.5. Sambal scenarios charge one kIDR per leftover case and four kIDR per shortage case. Raising the order-up-to target reduces shortage cost while increasing holding cost; their sum reaches an illustrative scenario minimum. Planning quantiles also change empirical service, so an estimated cost minimum does not override explicit service commitments.",Left: three curves show increasing overstock cost declining shortage cost and their U-shaped total against the stock target with the minimum highlighted. Right: expected cost and empirical service are plotted against planning quantile with 90% marked.,generated
fig-59-06,59,Demand Forecasting and Inventory-Risk Planning at NRG,"Forecast, service risk, inventory action, and ownership",Combine product-level point demand uncertainty inventory position case-pack recommendations approval state accountable roles and fallback,decision dashboard,publication/figures/source/fig-59-06.py,nrg-ch59-sample,publication/figures/ebook/fig-59-06.png,"Figure 59.6. Two-week point demand plus a 90% empirical error buffer produces product-level order-up-to evidence. After inventory position and case-pack rounding, recommendations are 96 Sambal cases, 90 coffee cases, and 60 tea cases. All remain in planner review; named teams own data, capacity, model evidence, approval, and fallback.",Four dashboard panels show stacked point-demand and safety-stock bars product inventory positions beside rounded orders a decision record ending in planner review required and a matrix of named ownership plus seasonal-naive and manual fallback.,generated
